contradiction	01M226DPMDFJ3MKERT4ETZYT8D	2026-09-08 21:22
oolong	01M226DTFH4MG5QQWKTPZPH9ZR	2026-09-08 21:22
nq	01M226DXR4PWKSHCMWCEMBNB0C	2026-09-08 21:22
outlier	01M226E0S8PQANB9EXHQ5R71QY	2026-09-08 21:22
contradiction	01M226T1RVTDTKXNEB0H7Y3F0D	2026-09-08 21:28
oolong	01M226T508SZ959A2G4CSKG7MP	2026-09-08 21:28
nq	01M226T98853EG96138A5BT5XP	2026-09-08 21:29
outlier	01M226TCBVWFPB6WSGN4NCKY4A	2026-09-08 21:29
contradiction	01M2276MXGXFQGB8RHCW7M0JV3	2026-09-08 21:35
oolong	01M2276R6Y2BA4ZBYKME12AJ4V	2026-09-08 21:35
contradiction	01M227FQ23FGGGAT13PFC5ACHP	2026-09-08 21:40
oolong	01M227FX77HN7BR0B2K9DRZ5Y5	2026-09-08 21:40
contradiction	01M227JHVXPB8R5EN83N4H93XS	2026-09-08 21:42
oolong	01M227JNY7MQXGM4A6C0KZ28XA	2026-09-08 21:42
contradiction	01M227N3EMAXS5RMT3JBGEW29C	2026-09-08 21:43
oolong	01M227N7PVXGNFVTN78KM63FKX	2026-09-08 21:43
nq	01M228E02KCTAQFK4ZZFEP6DJS	2026-09-08 21:57
outlier	01M229GBAPEJFJVPQV7WJN5X2A	2026-09-08 22:16
outlier	01M229PZ8SQF799EBWNG54ZDFH	2026-09-08 22:19
