2026-09-21T21:29:00	cpt80	32k	1	cubbins:3599091
2026-09-21T21:53:56	absence	8k	1	cubbins:3599092
2026-09-21T21:57:26	rerank	32k	1	cubbins:3599093
2026-09-21T21:57:31	nq	32k	1	cubbins:3599092
2026-09-21T21:58:19	msmarco	32k	1	cubbins:3599093
2026-09-21T21:58:28	reorder	32k	1	cubbins:3599093
2026-09-21T21:59:26	obliq	32k	1	cubbins:3599093
2026-09-21T22:03:55	contradiction	32k	1	cubbins:3599093
2026-09-21T22:05:08	absence	32k	1	cubbins:3599092
2026-09-21T22:18:39	nq	32k	1	cubbins:3599185
2026-09-21T22:18:47	absence	32k	1	cubbins:3599185
2026-09-21T22:19:32	rerank	32k	1	cubbins:3599185
2026-09-21T22:20:23	msmarco	32k	1	cubbins:3599185
2026-09-21T22:20:31	reorder	32k	1	cubbins:3599185
2026-09-21T22:21:27	obliq	32k	1	cubbins:3599185
2026-09-21T22:22:31	contradiction	32k	1	cubbins:3599185
2026-09-21T22:35:23	absence	32k	1	cubbins:3599216
2026-09-21T22:38:06	reorder	32k	1	cubbins:3599216
