figure,series,task,task_label,ctc_class,ctc_order,metric,metric_key,context_tokens,context_tokens_measured_p50,measured_over_label,n_docs,source,full_attention,chunked_attention,relative_gap,absolute_gap,eval_size,full_se,chunked_se,full_parse_rate,chunked_parse_rate,plotted_in_figure,drop_reason,caveats,ladder,task_dir,row_note
ctc_suite_grid,ok,fiqa,fiqa,low,O_T(N),gold-ID F1,gold_id_f1,2048,,,,"CTC suite (token ladder), Qwen3.5-4B",0.93,0.916,0.015054,0.014,500,0.0114,0.0124,,,yes,,,eval_rungs,fiqa,Ladder built and both arms evaluated 2026-08-13.
ctc_suite_grid,ok,fiqa,fiqa,low,O_T(N),gold-ID F1,gold_id_f1,4096,,,,"CTC suite (token ladder), Qwen3.5-4B",0.8462,0.8226,0.027889,0.0236,500,0.0161,0.0171,,,yes,,,eval_rungs,fiqa,Ladder built and both arms evaluated 2026-08-13.
ctc_suite_grid,ok,fiqa,fiqa,low,O_T(N),gold-ID F1,gold_id_f1,8192,,,,"CTC suite (token ladder), Qwen3.5-4B",0.7258,0.6969,0.039818,0.0289,500,0.02,0.0206,,,yes,,,eval_rungs,fiqa,Ladder built and both arms evaluated 2026-08-13.
ctc_suite_grid,ok,fiqa,fiqa,low,O_T(N),gold-ID F1,gold_id_f1,16384,,,,"CTC suite (token ladder), Qwen3.5-4B",0.621,0.5751,0.073913,0.0459,500,0.0217,0.0221,,,yes,,,eval_rungs,fiqa,Ladder built and both arms evaluated 2026-08-13.
ctc_suite_grid,ok,fiqa,fiqa,low,O_T(N),gold-ID F1,gold_id_f1,32768,,,,"CTC suite (token ladder), Qwen3.5-4B",0.3103,0.2802,0.097003,0.0301,500,0.0207,0.0201,,,yes,,,eval_rungs,fiqa,Ladder built and both arms evaluated 2026-08-13.
ctc_suite_grid,ok,nq,nq,low,O_T(N),gold-ID F1,gold_id_f1,2048,1789.0,0.874,,"CTC suite (token ladder), Qwen3.5-4B",0.904,0.964,-0.066372,-0.06,500,0.0132,0.0083,,,yes,,,eval_rungs,nq,
ctc_suite_grid,ok,nq,nq,low,O_T(N),gold-ID F1,gold_id_f1,4096,3675.5,0.897,,"CTC suite (token ladder), Qwen3.5-4B",0.93,0.942,-0.012903,-0.012,500,0.0114,0.0105,,,yes,,,eval_rungs,nq,
ctc_suite_grid,ok,nq,nq,low,O_T(N),gold-ID F1,gold_id_f1,8192,7541.5,0.921,,"CTC suite (token ladder), Qwen3.5-4B",0.864,0.896,-0.037037,-0.032,500,0.0153,0.0137,,,yes,,,eval_rungs,nq,
ctc_suite_grid,ok,nq,nq,low,O_T(N),gold-ID F1,gold_id_f1,16384,,,,"CTC suite (token ladder), Qwen3.5-4B",0.856,0.886,-0.035047,-0.03,500,0.0157,0.0142,,,yes,,,eval_rungs_ext32k,nq,
ctc_suite_grid,ok,nq,nq,low,O_T(N),gold-ID F1,gold_id_f1,32768,,,,"CTC suite (token ladder), Qwen3.5-4B",0.86,0.882,-0.025581,-0.022,500,0.0155,0.0144,,,yes,,,eval_rungs_ext32k,nq,
ctc_suite_grid,ok,hpqa,hpqa,low,O_T(N),gold-ID F1,gold_id_f1,2048,2028.5,0.99,,"CTC suite (token ladder), Qwen3.5-4B",0.998,0.995,0.003006,0.003,500,0.002,0.0032,,,yes,,,eval_rungs,hotpotqa,Dense backfilled 2026-08-12 after the corrupt S3 distcp.
ctc_suite_grid,ok,hpqa,hpqa,low,O_T(N),gold-ID F1,gold_id_f1,4096,4159.0,1.015,,"CTC suite (token ladder), Qwen3.5-4B",0.991,0.987,0.004036,0.004,500,0.0042,0.0051,,,yes,,,eval_rungs,hotpotqa,Dense backfilled 2026-08-12 after the corrupt S3 distcp.
ctc_suite_grid,ok,hpqa,hpqa,low,O_T(N),gold-ID F1,gold_id_f1,8192,8403.0,1.026,,"CTC suite (token ladder), Qwen3.5-4B",0.9863,0.983,0.003346,0.0033,500,0.0052,0.0058,,,yes,,,eval_rungs,hotpotqa,Dense backfilled 2026-08-12 after the corrupt S3 distcp.
ctc_suite_grid,ok,hpqa,hpqa,low,O_T(N),gold-ID F1,gold_id_f1,16384,16345.0,0.998,,"CTC suite (token ladder), Qwen3.5-4B",0.97,0.965,0.005155,0.005,500,0.0076,0.0082,,,yes,,,eval_rungs,hotpotqa,Dense backfilled 2026-08-12 after the corrupt S3 distcp.
ctc_suite_grid,ok,hpqa,hpqa,low,O_T(N),gold-ID F1,gold_id_f1,32768,,,,"CTC suite (token ladder), Qwen3.5-4B",0.9433,0.945,-0.001802,-0.0017,500,0.0103,0.0102,,,yes,,,eval_rungs_ext32k,hotpotqa,Dense backfilled 2026-08-12 after the corrupt S3 distcp.
ctc_suite_grid,ok,qdmatch_fiqa,qdmatch fiqa,high,O_T(N^2)+,pair-F1,pair_f1,2048,,,,"CTC suite (token ladder), Qwen3.5-4B",0.7919,0.6179,0.219725,0.174,500,0.0182,0.0217,1.0,1.0,yes,,,eval_rungs,qdmatch_fiqa,"Trained on Beaker and evaluated 2026-08-13, closing the last blank row. Scored on the q61 rung family, matching the trained shard -- the generator emitted two query-count ladders, so which one a number came from matters."
ctc_suite_grid,ok,qdmatch_fiqa,qdmatch fiqa,high,O_T(N^2)+,pair-F1,pair_f1,4096,,,,"CTC suite (token ladder), Qwen3.5-4B",0.5848,0.3577,0.388338,0.2271,500,0.022,0.0214,1.0,1.0,yes,,,eval_rungs,qdmatch_fiqa,"Trained on Beaker and evaluated 2026-08-13, closing the last blank row. Scored on the q61 rung family, matching the trained shard -- the generator emitted two query-count ladders, so which one a number came from matters."
ctc_suite_grid,ok,qdmatch_fiqa,qdmatch fiqa,high,O_T(N^2)+,pair-F1,pair_f1,8192,,,,"CTC suite (token ladder), Qwen3.5-4B",0.3868,0.1592,0.588418,0.2276,500,0.0218,0.0164,1.0,0.988,yes,,"chunked parse_rate=0.988: stop='eos' + the <|im_end|> stop-token bug: generation runs to the token cap, so this is a LOWER BOUND, not a measurement, pending re-eval",eval_rungs,qdmatch_fiqa,"Trained on Beaker and evaluated 2026-08-13, closing the last blank row. Scored on the q61 rung family, matching the trained shard -- the generator emitted two query-count ladders, so which one a number came from matters."
ctc_suite_grid,ok,qdmatch_fiqa,qdmatch fiqa,high,O_T(N^2)+,pair-F1,pair_f1,16384,,,,"CTC suite (token ladder), Qwen3.5-4B",0.2368,0.0634,0.732264,0.1734,500,0.019,0.0109,1.0,1.0,yes,,,eval_rungs,qdmatch_fiqa,"Trained on Beaker and evaluated 2026-08-13, closing the last blank row. Scored on the q61 rung family, matching the trained shard -- the generator emitted two query-count ladders, so which one a number came from matters."
ctc_suite_grid,ok,qdmatch_fiqa,qdmatch fiqa,high,O_T(N^2)+,pair-F1,pair_f1,32768,,,,"CTC suite (token ladder), Qwen3.5-4B",0.1244,0.0168,0.864952,0.1076,500,0.0148,0.0057,1.0,0.998,yes,,"chunked parse_rate=0.998: stop='eos' + the <|im_end|> stop-token bug: generation runs to the token cap, so this is a LOWER BOUND, not a measurement, pending re-eval",eval_rungs,qdmatch_fiqa,"Trained on Beaker and evaluated 2026-08-13, closing the last blank row. Scored on the q61 rung family, matching the trained shard -- the generator emitted two query-count ladders, so which one a number came from matters."
ctc_suite_grid,ok,qdmatch_nq,qdmatch nq,high,O_T(N^2)+,pair-F1,pair_f1,2048,1832.0,0.895,,"CTC suite (token ladder), Qwen3.5-4B",0.9969,0.7925,0.205036,0.2044,500,0.0025,0.0181,1.0,1.0,yes,,,eval_rungs,qdmatch_nq,Backfilled from the model-scale 4B runs 2026-08-13.
ctc_suite_grid,ok,qdmatch_nq,qdmatch nq,high,O_T(N^2)+,pair-F1,pair_f1,4096,3790.0,0.925,,"CTC suite (token ladder), Qwen3.5-4B",0.9825,0.6452,0.343308,0.3373,500,0.0059,0.0214,1.0,1.0,yes,,,eval_rungs,qdmatch_nq,Backfilled from the model-scale 4B runs 2026-08-13.
ctc_suite_grid,ok,qdmatch_nq,qdmatch nq,high,O_T(N^2)+,pair-F1,pair_f1,8192,7709.0,0.941,,"CTC suite (token ladder), Qwen3.5-4B",0.9525,0.4644,0.512441,0.4881,500,0.0095,0.0223,1.0,1.0,yes,,,eval_rungs,qdmatch_nq,Backfilled from the model-scale 4B runs 2026-08-13.
ctc_suite_grid,ok,qdmatch_nq,qdmatch nq,high,O_T(N^2)+,pair-F1,pair_f1,16384,15842.5,0.967,,"CTC suite (token ladder), Qwen3.5-4B",0.8843,0.2717,0.692751,0.6126,500,0.0143,0.0199,1.0,1.0,yes,,,eval_rungs,qdmatch_nq,Backfilled from the model-scale 4B runs 2026-08-13.
ctc_suite_grid,ok,qdmatch_nq,qdmatch nq,high,O_T(N^2)+,pair-F1,pair_f1,32768,32223.0,0.983,,"CTC suite (token ladder), Qwen3.5-4B",0.6863,0.1044,0.84788,0.5819,500,0.0208,0.0137,1.0,1.0,yes,,,eval_rungs,qdmatch_nq,Backfilled from the model-scale 4B runs 2026-08-13.
ctc_suite_grid,ok,qdmatch_hpqa,qdmatch hpqa,high,O_T(N^2)+,pair-F1,pair_f1,2048,1515.0,0.74,,"CTC suite (token ladder), Qwen3.5-4B",0.999,0.6501,0.349249,0.3489,500,0.0014,0.0213,1.0,0.788,yes,,"chunked parse_rate=0.788: stop='eos' + the <|im_end|> stop-token bug: generation runs to the token cap, so this is a LOWER BOUND, not a measurement, pending re-eval",eval_rungs,qdmatch_hpqa,Rung labels run 0.74-0.82x of the stated tokens.
ctc_suite_grid,ok,qdmatch_hpqa,qdmatch hpqa,high,O_T(N^2)+,pair-F1,pair_f1,4096,3192.0,0.779,,"CTC suite (token ladder), Qwen3.5-4B",0.9973,0.7601,0.237842,0.2372,500,0.0023,0.0191,1.0,0.94,yes,,"chunked parse_rate=0.94: stop='eos' + the <|im_end|> stop-token bug: generation runs to the token cap, so this is a LOWER BOUND, not a measurement, pending re-eval",eval_rungs,qdmatch_hpqa,Rung labels run 0.74-0.82x of the stated tokens.
ctc_suite_grid,ok,qdmatch_hpqa,qdmatch hpqa,high,O_T(N^2)+,pair-F1,pair_f1,8192,6372.0,0.778,,"CTC suite (token ladder), Qwen3.5-4B",0.9977,0.6683,0.330159,0.3294,500,0.0022,0.0211,1.0,0.926,yes,,"chunked parse_rate=0.926: stop='eos' + the <|im_end|> stop-token bug: generation runs to the token cap, so this is a LOWER BOUND, not a measurement, pending re-eval",eval_rungs,qdmatch_hpqa,Rung labels run 0.74-0.82x of the stated tokens.
ctc_suite_grid,ok,qdmatch_hpqa,qdmatch hpqa,high,O_T(N^2)+,pair-F1,pair_f1,16384,13219.5,0.807,,"CTC suite (token ladder), Qwen3.5-4B",0.9923,0.5475,0.448252,0.4448,500,0.0039,0.0223,1.0,0.954,yes,,"chunked parse_rate=0.954: stop='eos' + the <|im_end|> stop-token bug: generation runs to the token cap, so this is a LOWER BOUND, not a measurement, pending re-eval",eval_rungs,qdmatch_hpqa,Rung labels run 0.74-0.82x of the stated tokens.
ctc_suite_grid,ok,qdmatch_hpqa,qdmatch hpqa,high,O_T(N^2)+,pair-F1,pair_f1,32768,26886.0,0.82,,"CTC suite (token ladder), Qwen3.5-4B",0.981,0.333,0.66055,0.648,500,0.0061,0.0211,1.0,0.938,yes,,"chunked parse_rate=0.938: stop='eos' + the <|im_end|> stop-token bug: generation runs to the token cap, so this is a LOWER BOUND, not a measurement, pending re-eval",eval_rungs,qdmatch_hpqa,Rung labels run 0.74-0.82x of the stated tokens.
ctc_suite_grid,ok,outlier_amazon,outlier amazon,low,O_T(N),set-F1,set_f1,2048,2528.5,1.235,,"CTC suite (token ladder), Qwen3.5-4B",0.9209,0.9122,0.009447,0.0087,500,0.0121,0.0127,1.0,1.0,yes,,,eval_rungs,outlier_amzn,Rung labels run 1.12-1.24x of the stated tokens.
ctc_suite_grid,ok,outlier_amazon,outlier amazon,low,O_T(N),set-F1,set_f1,4096,4583.0,1.119,,"CTC suite (token ladder), Qwen3.5-4B",0.8914,0.8942,-0.003141,-0.0028,500,0.0139,0.0138,1.0,1.0,yes,,,eval_rungs,outlier_amzn,Rung labels run 1.12-1.24x of the stated tokens.
ctc_suite_grid,ok,outlier_amazon,outlier amazon,low,O_T(N),set-F1,set_f1,8192,9254.5,1.13,,"CTC suite (token ladder), Qwen3.5-4B",0.8962,0.8869,0.010377,0.0093,500,0.0136,0.0142,1.0,1.0,yes,,,eval_rungs,outlier_amzn,Rung labels run 1.12-1.24x of the stated tokens.
ctc_suite_grid,ok,outlier_amazon,outlier amazon,low,O_T(N),set-F1,set_f1,16384,19249.5,1.175,,"CTC suite (token ladder), Qwen3.5-4B",0.8702,0.8752,-0.005746,-0.005,500,0.015,0.0148,1.0,1.0,yes,,,eval_rungs,outlier_amzn,Rung labels run 1.12-1.24x of the stated tokens.
ctc_suite_grid,ok,outlier_amazon,outlier amazon,low,O_T(N),set-F1,set_f1,32768,37285.5,1.138,,"CTC suite (token ladder), Qwen3.5-4B",0.8644,0.8584,0.006941,0.006,500,0.0153,0.0156,1.0,1.0,yes,,,eval_rungs,outlier_amzn,Rung labels run 1.12-1.24x of the stated tokens.
ctc_suite_grid,ok,outlier_scalek,outlier scale-k,high,O_T(NM),set-F1,set_f1,2048,2094.0,1.022,,"CTC suite (token ladder), Qwen3.5-4B",0.982,0.9624,0.019959,0.0196,500,0.0059,0.0085,1.0,1.0,yes,,,eval_rungs,outlier,
ctc_suite_grid,ok,outlier_scalek,outlier scale-k,high,O_T(NM),set-F1,set_f1,4096,4108.0,1.003,,"CTC suite (token ladder), Qwen3.5-4B",0.9556,0.8692,0.090414,0.0864,500,0.0092,0.0151,1.0,1.0,yes,,,eval_rungs,outlier,
ctc_suite_grid,ok,outlier_scalek,outlier scale-k,high,O_T(NM),set-F1,set_f1,8192,8297.5,1.013,,"CTC suite (token ladder), Qwen3.5-4B",0.8765,0.6415,0.268112,0.235,500,0.0147,0.0214,1.0,1.0,yes,,"stop='eos' + the <|im_end|> stop-token bug: generation runs to the token cap, so this is a LOWER BOUND, not a measurement, pending re-eval",eval_rungs,outlier,
ctc_suite_grid,ok,outlier_scalek,outlier scale-k,high,O_T(NM),set-F1,set_f1,16384,16189.0,0.988,,"CTC suite (token ladder), Qwen3.5-4B",0.6789,0.3432,0.494476,0.3357,500,0.0209,0.0212,1.0,1.0,yes,,"stop='eos' + the <|im_end|> stop-token bug: generation runs to the token cap, so this is a LOWER BOUND, not a measurement, pending re-eval",eval_rungs,outlier,
ctc_suite_grid,ok,outlier_scalek,outlier scale-k,high,O_T(NM),set-F1,set_f1,32768,32130.5,0.981,,"CTC suite (token ladder), Qwen3.5-4B",0.4279,0.1253,0.707175,0.3026,500,0.0221,0.0148,1.0,1.0,yes,,"stop='eos' + the <|im_end|> stop-token bug: generation runs to the token cap, so this is a LOWER BOUND, not a measurement, pending re-eval",eval_rungs,outlier,
ctc_suite_grid,partial,outlier_fixk,outlier fix-k,low,O_T(N),set-F1,set_f1,2048,,,,"CTC suite (token ladder), Qwen3.5-4B",0.8798,0.8306,0.055922,0.0492,500,0.0145,0.0168,1.0,1.0,yes,,,eval_rungs_fixedM,outlier_fixedM,"32k (n=220) deliberately not shown on the page: the row is a smooth decline in n, not a cliff. See the n sweep in the length-generalization CSV."
ctc_suite_grid,partial,outlier_fixk,outlier fix-k,low,O_T(N),set-F1,set_f1,4096,,,,"CTC suite (token ladder), Qwen3.5-4B",0.9312,0.9306,0.000644,0.0006,500,0.0113,0.0114,1.0,1.0,yes,,,eval_rungs_fixedM,outlier_fixedM,"32k (n=220) deliberately not shown on the page: the row is a smooth decline in n, not a cliff. See the n sweep in the length-generalization CSV."
ctc_suite_grid,partial,outlier_fixk,outlier fix-k,low,O_T(N),set-F1,set_f1,8192,,,,"CTC suite (token ladder), Qwen3.5-4B",0.9483,0.9672,-0.01993,-0.0189,500,0.0099,0.008,1.0,1.0,yes,,"stop='eos' + the <|im_end|> stop-token bug: generation runs to the token cap, so this is a LOWER BOUND, not a measurement, pending re-eval",eval_rungs_fixedM,outlier_fixedM,"32k (n=220) deliberately not shown on the page: the row is a smooth decline in n, not a cliff. See the n sweep in the length-generalization CSV."
ctc_suite_grid,partial,outlier_fixk,outlier fix-k,low,O_T(N),set-F1,set_f1,16384,,,,"CTC suite (token ladder), Qwen3.5-4B",0.9695,0.9608,0.008974,0.0087,500,0.0077,0.0087,1.0,1.0,yes,,"stop='eos' + the <|im_end|> stop-token bug: generation runs to the token cap, so this is a LOWER BOUND, not a measurement, pending re-eval",eval_rungs_fixedM,outlier_fixedM,"32k (n=220) deliberately not shown on the page: the row is a smooth decline in n, not a cliff. See the n sweep in the length-generalization CSV."
ctc_suite_grid,partial,outlier_fixk,outlier fix-k,low,O_T(N),set-F1,set_f1,32768,,,,"CTC suite (token ladder), Qwen3.5-4B",,,,,,,,1.0,0.998,no,no grade JSON: this cell has never been evaluated,,,outlier_fixedM,"32k (n=220) deliberately not shown on the page: the row is a smooth decline in n, not a cliff. See the n sweep in the length-generalization CSV."
ctc_suite_grid,ok,oolong,OOLONG,low,O_T(N),partial credit,partial_credit,2048,2381.0,1.163,,"CTC suite (token ladder), Qwen3.5-4B",0.7095,0.6913,0.025652,0.0182,500,0.0203,0.0207,,,yes,,,eval_rungs,oolong,"Both arms are the ctcms-oolong-*-4b-vsl retrain on the rebuilt, decontaminated, query-after shard, graded query-after; pinned by run name, not newest-file-wins."
ctc_suite_grid,ok,oolong,OOLONG,low,O_T(N),partial credit,partial_credit,4096,4519.5,1.103,,"CTC suite (token ladder), Qwen3.5-4B",0.6934,0.624,0.100087,0.0694,500,0.0206,0.0217,,,yes,,,eval_rungs,oolong,"Both arms are the ctcms-oolong-*-4b-vsl retrain on the rebuilt, decontaminated, query-after shard, graded query-after; pinned by run name, not newest-file-wins."
ctc_suite_grid,ok,oolong,OOLONG,low,O_T(N),partial credit,partial_credit,8192,8815.0,1.076,,"CTC suite (token ladder), Qwen3.5-4B",0.6322,0.5951,0.058684,0.0371,500,0.0216,0.022,,,yes,,,eval_rungs,oolong,"Both arms are the ctcms-oolong-*-4b-vsl retrain on the rebuilt, decontaminated, query-after shard, graded query-after; pinned by run name, not newest-file-wins."
ctc_suite_grid,ok,oolong,OOLONG,low,O_T(N),partial credit,partial_credit,16384,17296.5,1.056,,"CTC suite (token ladder), Qwen3.5-4B",0.6008,0.5818,0.031625,0.019,500,0.0219,0.0221,,,yes,,,eval_rungs,oolong,"Both arms are the ctcms-oolong-*-4b-vsl retrain on the rebuilt, decontaminated, query-after shard, graded query-after; pinned by run name, not newest-file-wins."
ctc_suite_grid,ok,oolong,OOLONG,low,O_T(N),partial credit,partial_credit,32768,34439.5,1.051,,"CTC suite (token ladder), Qwen3.5-4B",0.5727,0.5539,0.032827,0.0188,500,0.0221,0.0222,,,yes,,,eval_rungs,oolong,"Both arms are the ctcms-oolong-*-4b-vsl retrain on the rebuilt, decontaminated, query-after shard, graded query-after; pinned by run name, not newest-file-wins."
ctc_suite_grid,ok,grouping,grouping,high,O_T(NM),pairwise-F1,pairwise_f1,2048,1964.0,0.959,,"CTC suite (token ladder), Qwen3.5-4B",0.8419,0.8158,0.031001,0.0261,500,0.0163,0.0173,1.0,1.0,yes,,,eval_rungs,grouping,Regraded after the parser fix; the old 0.439/0.358 row is dead.
ctc_suite_grid,ok,grouping,grouping,high,O_T(NM),pairwise-F1,pairwise_f1,4096,4052.0,0.989,,"CTC suite (token ladder), Qwen3.5-4B",0.705,0.6535,0.07305,0.0515,500,0.0204,0.0213,1.0,1.0,yes,,,eval_rungs,grouping,Regraded after the parser fix; the old 0.439/0.358 row is dead.
ctc_suite_grid,ok,grouping,grouping,high,O_T(NM),pairwise-F1,pairwise_f1,8192,8042.0,0.982,,"CTC suite (token ladder), Qwen3.5-4B",0.5293,0.4404,0.167958,0.0889,500,0.0223,0.0222,1.0,1.0,yes,,"stop='eos' + the <|im_end|> stop-token bug: generation runs to the token cap, so this is a LOWER BOUND, not a measurement, pending re-eval",eval_rungs,grouping,Regraded after the parser fix; the old 0.439/0.358 row is dead.
ctc_suite_grid,ok,grouping,grouping,high,O_T(NM),pairwise-F1,pairwise_f1,16384,16692.0,1.019,,"CTC suite (token ladder), Qwen3.5-4B",0.2851,0.0405,0.857945,0.2446,500,0.0202,0.0088,1.0,1.0,yes,,"stop='eos' + the <|im_end|> stop-token bug: generation runs to the token cap, so this is a LOWER BOUND, not a measurement, pending re-eval",eval_rungs,grouping,Regraded after the parser fix; the old 0.439/0.358 row is dead.
ctc_suite_grid,ok,grouping,grouping,high,O_T(NM),pairwise-F1,pairwise_f1,32768,32808.5,1.001,,"CTC suite (token ladder), Qwen3.5-4B",0.0066,0.0095,-0.439394,-0.0029,500,0.0036,0.0043,1.0,1.0,yes,,"stop='eos' + the <|im_end|> stop-token bug: generation runs to the token cap, so this is a LOWER BOUND, not a measurement, pending re-eval",eval_rungs,grouping,Regraded after the parser fix; the old 0.439/0.358 row is dead.
ctc_suite_grid,partial,absence,absence,low,O_T(N),set-F1,set_f1,2048,7462.5,3.644,,"CTC suite (token ladder), Qwen3.5-4B",0.9636,0.9491,0.015048,0.0145,500,0.0084,0.0098,0.998,0.996,yes,,"dense parse_rate=0.998, chunked parse_rate=0.996: stop='eos' + the <|im_end|> stop-token bug: generation runs to the token cap, so this is a LOWER BOUND, not a measurement, pending re-eval",eval_rungs,absence_gutenberg,"32k rung never built; 16k graded on eval_size=148 only. Labels run 3.0-3.6x. Classified low / O_T(N) per the 2026-08-03 correction, overriding suite_table."
ctc_suite_grid,partial,absence,absence,low,O_T(N),set-F1,set_f1,4096,14520.5,3.545,,"CTC suite (token ladder), Qwen3.5-4B",0.976,0.9609,0.015471,0.0151,500,0.0068,0.0087,1.0,0.994,yes,,"chunked parse_rate=0.994: stop='eos' + the <|im_end|> stop-token bug: generation runs to the token cap, so this is a LOWER BOUND, not a measurement, pending re-eval",eval_rungs,absence_gutenberg,"32k rung never built; 16k graded on eval_size=148 only. Labels run 3.0-3.6x. Classified low / O_T(N) per the 2026-08-03 correction, overriding suite_table."
ctc_suite_grid,partial,absence,absence,low,O_T(N),set-F1,set_f1,8192,24418.5,2.981,,"CTC suite (token ladder), Qwen3.5-4B",0.9863,0.9805,0.005881,0.0058,500,0.0052,0.0062,1.0,0.998,yes,,"chunked parse_rate=0.998: stop='eos' + the <|im_end|> stop-token bug: generation runs to the token cap, so this is a LOWER BOUND, not a measurement, pending re-eval",eval_rungs,absence_gutenberg,"32k rung never built; 16k graded on eval_size=148 only. Labels run 3.0-3.6x. Classified low / O_T(N) per the 2026-08-03 correction, overriding suite_table."
ctc_suite_grid,partial,absence,absence,low,O_T(N),set-F1,set_f1,16384,48665.0,2.97,,"CTC suite (token ladder), Qwen3.5-4B",0.9315,0.9446,-0.014063,-0.0131,148,0.0208,0.0188,1.0,0.9864864864864865,yes,,"eval_size=148 (<500): SE up to +/-0.021, do not read a smaller difference as real | chunked parse_rate=0.9864864864864865: stop='eos' + the <|im_end|> stop-token bug: generation runs to the token cap, so this is a LOWER BOUND, not a measurement, pending re-eval",eval_rungs,absence_gutenberg,"32k rung never built; 16k graded on eval_size=148 only. Labels run 3.0-3.6x. Classified low / O_T(N) per the 2026-08-03 correction, overriding suite_table."
ctc_suite_grid,partial,absence,absence,low,O_T(N),set-F1,set_f1,32768,,,,"CTC suite (token ladder), Qwen3.5-4B",,,,,,,,,,no,no grade JSON: this cell has never been evaluated,,,absence_gutenberg,"32k rung never built; 16k graded on eval_size=148 only. Labels run 3.0-3.6x. Classified low / O_T(N) per the 2026-08-03 correction, overriding suite_table."
ctc_suite_grid,superseded,xabsence,xabsence,high,O_T(N^2)+,set-F1,set_f1,2048,,,,"CTC suite (token ladder), Qwen3.5-4B",0.609,0.135,0.778325,0.474,520,0.0214,0.015,,,no,"superseded by the in-flight rebuild -- training CE never left the 0.78 flatline, so this is not a trained model",,,xabsence,"SUPERSEDED. Training CE sat on the 0.78 flatline, so these are not a trained model. Learnability probes now reach CE 0.23-0.33 and decide the row."
ctc_suite_grid,superseded,xabsence,xabsence,high,O_T(N^2)+,set-F1,set_f1,4096,,,,"CTC suite (token ladder), Qwen3.5-4B",0.545,0.057,0.895413,0.488,520,0.0218,0.0102,,,no,"superseded by the in-flight rebuild -- training CE never left the 0.78 flatline, so this is not a trained model",,,xabsence,"SUPERSEDED. Training CE sat on the 0.78 flatline, so these are not a trained model. Learnability probes now reach CE 0.23-0.33 and decide the row."
ctc_suite_grid,superseded,xabsence,xabsence,high,O_T(N^2)+,set-F1,set_f1,8192,,,,"CTC suite (token ladder), Qwen3.5-4B",0.528,0.037,0.929924,0.491,520,0.0219,0.0083,,,no,"superseded by the in-flight rebuild -- training CE never left the 0.78 flatline, so this is not a trained model",,,xabsence,"SUPERSEDED. Training CE sat on the 0.78 flatline, so these are not a trained model. Learnability probes now reach CE 0.23-0.33 and decide the row."
ctc_suite_grid,superseded,xabsence,xabsence,high,O_T(N^2)+,set-F1,set_f1,16384,,,,"CTC suite (token ladder), Qwen3.5-4B",0.505,0.012,0.976238,0.493,520,0.0219,0.0048,,,no,"superseded by the in-flight rebuild -- training CE never left the 0.78 flatline, so this is not a trained model",,,xabsence,"SUPERSEDED. Training CE sat on the 0.78 flatline, so these are not a trained model. Learnability probes now reach CE 0.23-0.33 and decide the row."
ctc_suite_grid,superseded,xabsence,xabsence,high,O_T(N^2)+,set-F1,set_f1,32768,,,,"CTC suite (token ladder), Qwen3.5-4B",0.518,0.008,0.984556,0.51,520,0.0219,0.0039,,,no,"superseded by the in-flight rebuild -- training CE never left the 0.78 flatline, so this is not a trained model",,,xabsence,"SUPERSEDED. Training CE sat on the 0.78 flatline, so these are not a trained model. Learnability probes now reach CE 0.23-0.33 and decide the row."
ctc_suite_grid,ok,rerank,rerank,low,O_T(N),MRR@10,mrr@10,2048,1742.0,0.851,,"CTC suite (token ladder), Qwen3.5-4B",0.9806,0.9833,-0.002753,-0.0027,500,0.0062,0.0057,1.0,1.0,yes,,,eval_rungs_tokenaccurate,rerank,Ladder rebuilt token-accurate and fully regraded 2026-08-12.
ctc_suite_grid,ok,rerank,rerank,low,O_T(N),MRR@10,mrr@10,4096,3579.5,0.874,,"CTC suite (token ladder), Qwen3.5-4B",0.9836,0.9812,0.00244,0.0024,500,0.0057,0.0061,1.0,1.0,yes,,,eval_rungs_tokenaccurate,rerank,Ladder rebuilt token-accurate and fully regraded 2026-08-12.
ctc_suite_grid,ok,rerank,rerank,low,O_T(N),MRR@10,mrr@10,8192,6127.5,0.748,,"CTC suite (token ladder), Qwen3.5-4B",0.9798,0.9805,-0.000714,-0.0007,500,0.0063,0.0062,1.0,1.0,yes,,,eval_rungs_tokenaccurate,rerank,Ladder rebuilt token-accurate and fully regraded 2026-08-12.
ctc_suite_grid,ok,rerank,rerank,low,O_T(N),MRR@10,mrr@10,16384,8662.5,0.529,,"CTC suite (token ladder), Qwen3.5-4B",0.98,0.9813,-0.001327,-0.0013,500,0.0063,0.0061,1.0,1.0,yes,,,eval_rungs_tokenaccurate,rerank,Ladder rebuilt token-accurate and fully regraded 2026-08-12.
ctc_suite_grid,ok,rerank,rerank,low,O_T(N),MRR@10,mrr@10,32768,,,,"CTC suite (token ladder), Qwen3.5-4B",0.9861,0.9765,0.009735,0.0096,500,0.0052,0.0068,1.0,1.0,yes,,,eval_rungs_tokenaccurate,rerank,Ladder rebuilt token-accurate and fully regraded 2026-08-12.
ctc_suite_grid,ok,msmarco,msmarco,low,O_T(N),gold-ID F1,gold_id_f1,2048,1723.0,0.841,,"CTC suite (token ladder), Qwen3.5-4B",0.9587,0.9091,0.051737,0.0496,500,0.0089,0.0129,,,yes,,,eval_rungs_tokenaccurate,msmarco,Ladder rebuilt token-accurate and fully regraded 2026-08-12.
ctc_suite_grid,ok,msmarco,msmarco,low,O_T(N),gold-ID F1,gold_id_f1,4096,3560.5,0.869,,"CTC suite (token ladder), Qwen3.5-4B",0.9597,0.9208,0.040534,0.0389,500,0.0088,0.0121,,,yes,,,eval_rungs_tokenaccurate,msmarco,Ladder rebuilt token-accurate and fully regraded 2026-08-12.
ctc_suite_grid,ok,msmarco,msmarco,low,O_T(N),gold-ID F1,gold_id_f1,8192,6108.5,0.746,,"CTC suite (token ladder), Qwen3.5-4B",0.9538,0.9319,0.022961,0.0219,500,0.0094,0.0113,,,yes,,,eval_rungs_tokenaccurate,msmarco,Ladder rebuilt token-accurate and fully regraded 2026-08-12.
ctc_suite_grid,ok,msmarco,msmarco,low,O_T(N),gold-ID F1,gold_id_f1,16384,8643.5,0.528,,"CTC suite (token ladder), Qwen3.5-4B",0.9588,0.9456,0.013767,0.0132,500,0.0089,0.0101,,,yes,,,eval_rungs_tokenaccurate,msmarco,Ladder rebuilt token-accurate and fully regraded 2026-08-12.
ctc_suite_grid,ok,msmarco,msmarco,low,O_T(N),gold-ID F1,gold_id_f1,32768,,,,"CTC suite (token ladder), Qwen3.5-4B",0.9541,0.9319,0.023268,0.0222,500,0.0094,0.0113,,,yes,,,eval_rungs_tokenaccurate,msmarco,Ladder rebuilt token-accurate and fully regraded 2026-08-12.
ctc_suite_grid,ok,reorder,re-order,high,O_T(N^2)+,Kendall tau,kendall_tau,2048,1912.0,0.934,,"CTC suite (token ladder), Qwen3.5-4B",0.7473,0.4706,0.370266,0.2767,500,0.0194,0.0223,1.0,0.986,yes,,"chunked parse_rate=0.986: stop='eos' + the <|im_end|> stop-token bug: generation runs to the token cap, so this is a LOWER BOUND, not a measurement, pending re-eval",eval_rungs,reorder,"32k capped by rung policy -- deliberate, not a gap."
ctc_suite_grid,ok,reorder,re-order,high,O_T(N^2)+,Kendall tau,kendall_tau,4096,4295.0,1.049,,"CTC suite (token ladder), Qwen3.5-4B",0.5998,0.2142,0.642881,0.3856,500,0.0219,0.0183,0.95,0.886,yes,,"dense parse_rate=0.95, chunked parse_rate=0.886: stop='eos' + the <|im_end|> stop-token bug: generation runs to the token cap, so this is a LOWER BOUND, not a measurement, pending re-eval",eval_rungs,reorder,"32k capped by rung policy -- deliberate, not a gap."
ctc_suite_grid,ok,reorder,re-order,high,O_T(N^2)+,Kendall tau,kendall_tau,8192,9002.0,1.099,,"CTC suite (token ladder), Qwen3.5-4B",0.2618,0.0428,0.836516,0.219,500,0.0197,0.0091,0.654,0.502,yes,,"dense parse_rate=0.654, chunked parse_rate=0.502: stop='eos' + the <|im_end|> stop-token bug: generation runs to the token cap, so this is a LOWER BOUND, not a measurement, pending re-eval",eval_rungs,reorder,"32k capped by rung policy -- deliberate, not a gap."
ctc_suite_grid,ok,reorder,re-order,high,O_T(N^2)+,Kendall tau,kendall_tau,16384,17505.5,1.068,,"CTC suite (token ladder), Qwen3.5-4B",0.0473,0.0,1.0,0.0473,500,0.0095,0.0,0.16,0.0,yes,,"dense parse_rate=0.16, chunked parse_rate=0.0: stop='eos' + the <|im_end|> stop-token bug: generation runs to the token cap, so this is a LOWER BOUND, not a measurement, pending re-eval",eval_rungs,reorder,"32k capped by rung policy -- deliberate, not a gap."
ctc_suite_grid,ok,reorder,re-order,high,O_T(N^2)+,Kendall tau,kendall_tau,32768,,,,"CTC suite (token ladder), Qwen3.5-4B",,,,,,,,,,no,no grade JSON: this cell has never been evaluated,,,reorder,"32k capped by rung policy -- deliberate, not a gap."
ctc_suite_grid,partial,obliq,obliq,low,O_T(N),gold-ID F1,gold_id_f1,2048,,,,"CTC suite (token ladder), Qwen3.5-4B",0.74,0.689,0.068919,0.051,126,0.0391,0.0412,,,yes,,"carried from the 2026-07-27 table; no grade JSON on disk | eval_size=126 (<500): SE up to +/-0.041, do not read a smaller difference as real",,obliq_twitter,"Twitter rebuild. Table-only numbers, eval_size=126."
ctc_suite_grid,partial,obliq,obliq,low,O_T(N),gold-ID F1,gold_id_f1,4096,,,,"CTC suite (token ladder), Qwen3.5-4B",0.659,0.605,0.081942,0.054,126,0.0422,0.0436,,,yes,,"carried from the 2026-07-27 table; no grade JSON on disk | eval_size=126 (<500): SE up to +/-0.044, do not read a smaller difference as real",,obliq_twitter,"Twitter rebuild. Table-only numbers, eval_size=126."
ctc_suite_grid,partial,obliq,obliq,low,O_T(N),gold-ID F1,gold_id_f1,8192,,,,"CTC suite (token ladder), Qwen3.5-4B",0.608,0.563,0.074013,0.045,126,0.0435,0.0442,,,yes,,"carried from the 2026-07-27 table; no grade JSON on disk | eval_size=126 (<500): SE up to +/-0.044, do not read a smaller difference as real",,obliq_twitter,"Twitter rebuild. Table-only numbers, eval_size=126."
ctc_suite_grid,partial,obliq,obliq,low,O_T(N),gold-ID F1,gold_id_f1,16384,,,,"CTC suite (token ladder), Qwen3.5-4B",0.277,0.262,0.054152,0.015,126,0.0399,0.0392,,,yes,,"carried from the 2026-07-27 table; no grade JSON on disk | eval_size=126 (<500): SE up to +/-0.040, do not read a smaller difference as real",,obliq_twitter,"Twitter rebuild. Table-only numbers, eval_size=126."
ctc_suite_grid,partial,obliq,obliq,low,O_T(N),gold-ID F1,gold_id_f1,32768,,,,"CTC suite (token ladder), Qwen3.5-4B",0.327,0.293,0.103976,0.034,126,0.0418,0.0405,,,yes,,"carried from the 2026-07-27 table; no grade JSON on disk | eval_size=126 (<500): SE up to +/-0.042, do not read a smaller difference as real",,obliq_twitter,"Twitter rebuild. Table-only numbers, eval_size=126."
ctc_suite_grid,partial,niah_contra,niah contra,low,O_T(N),gold-ID F1,gold_id_f1,2048,1053.0,0.514,,"CTC suite (token ladder), Qwen3.5-4B",0.164,0.984,-5.0,-0.82,500,0.0166,0.0056,,,no,"dense 2k is 0.164 on disk vs 0.988 in the July table; the on-disk number predates the pipeline fix, so the pair is not comparable",,eval_rungs,niah,"Dense 2k conflicts: 0.164 on disk vs 0.988 in the July table, and the two 64k/128k builds disagree with each other -- the ladder needs a rebuild."
ctc_suite_grid,partial,niah_contra,niah contra,low,O_T(N),gold-ID F1,gold_id_f1,4096,2090.5,0.51,,"CTC suite (token ladder), Qwen3.5-4B",0.988,0.994,-0.006073,-0.006,500,0.0049,0.0035,,,yes,,,eval_rungs,niah,"Dense 2k conflicts: 0.164 on disk vs 0.988 in the July table, and the two 64k/128k builds disagree with each other -- the ladder needs a rebuild."
ctc_suite_grid,partial,niah_contra,niah contra,low,O_T(N),gold-ID F1,gold_id_f1,8192,4211.0,0.514,,"CTC suite (token ladder), Qwen3.5-4B",0.976,0.976,0.0,0.0,500,0.0068,0.0068,,,yes,,,eval_rungs,niah,"Dense 2k conflicts: 0.164 on disk vs 0.988 in the July table, and the two 64k/128k builds disagree with each other -- the ladder needs a rebuild."
ctc_suite_grid,partial,niah_contra,niah contra,low,O_T(N),gold-ID F1,gold_id_f1,16384,8584.5,0.524,,"CTC suite (token ladder), Qwen3.5-4B",0.984,0.978,0.006098,0.006,500,0.0056,0.0066,,,yes,,,eval_rungs,niah,"Dense 2k conflicts: 0.164 on disk vs 0.988 in the July table, and the two 64k/128k builds disagree with each other -- the ladder needs a rebuild."
ctc_suite_grid,partial,niah_contra,niah contra,low,O_T(N),gold-ID F1,gold_id_f1,32768,17069.0,0.521,,"CTC suite (token ladder), Qwen3.5-4B",0.966,0.97,-0.004141,-0.004,500,0.0081,0.0076,,,yes,,,eval_rungs,niah,"Dense 2k conflicts: 0.164 on disk vs 0.988 in the July table, and the two 64k/128k builds disagree with each other -- the ladder needs a rebuild."
ctc_suite_grid,ok,contra_real,contradiction (realistic),high,O_T(N^2)+,set-F1,set_f1,2048,2609.0,1.019,56,"CTC suite (token ladder), Qwen3.5-4B",0.9895,0.8613,0.12956,0.1282,500,0.0046,0.0155,1.0,1.0,yes,,,eval_rungs,contradiction_iid,"PubMed multi-claim, scored on the IID realistic-mode ladder that matches the training generator. 2k column is the n=56 / rung_2560 file."
ctc_suite_grid,ok,contra_real,contradiction (realistic),high,O_T(N^2)+,set-F1,set_f1,4096,4202.5,1.026,92,"CTC suite (token ladder), Qwen3.5-4B",0.9843,0.8337,0.153002,0.1506,500,0.0056,0.0167,1.0,1.0,yes,,,eval_rungs,contradiction_iid,"PubMed multi-claim, scored on the IID realistic-mode ladder that matches the training generator. 2k column is the n=56 / rung_2560 file."
ctc_suite_grid,ok,contra_real,contradiction (realistic),high,O_T(N^2)+,set-F1,set_f1,8192,8238.0,1.006,187,"CTC suite (token ladder), Qwen3.5-4B",0.976,0.8039,0.176332,0.1721,500,0.0068,0.0178,1.0,1.0,yes,,,eval_rungs,contradiction_iid,"PubMed multi-claim, scored on the IID realistic-mode ladder that matches the training generator. 2k column is the n=56 / rung_2560 file."
ctc_suite_grid,ok,contra_real,contradiction (realistic),high,O_T(N^2)+,set-F1,set_f1,16384,16709.0,1.02,379,"CTC suite (token ladder), Qwen3.5-4B",0.9652,0.7586,0.214049,0.2066,500,0.0082,0.0191,1.0,1.0,yes,,,eval_rungs,contradiction_iid,"PubMed multi-claim, scored on the IID realistic-mode ladder that matches the training generator. 2k column is the n=56 / rung_2560 file."
ctc_suite_grid,ok,contra_real,contradiction (realistic),high,O_T(N^2)+,set-F1,set_f1,32768,33829.0,1.032,762,"CTC suite (token ladder), Qwen3.5-4B",0.9463,0.6991,0.261228,0.2472,500,0.0101,0.0205,1.0,1.0,yes,,,eval_rungs,contradiction_iid,"PubMed multi-claim, scored on the IID realistic-mode ladder that matches the training generator. 2k column is the n=56 / rung_2560 file."
ctc_suite_grid,partial,strmatch,strmatch,high,O_T(N^2)+,set-F1,set_f1,2048,1249.0,0.61,,"CTC suite (token ladder), Qwen3.5-4B",0.9989,0.0033,0.996696,0.9956,500,0.0015,0.0026,1.0,1.0,yes,,,eval_rungs,strmatch,Rung labels run 0.60x of the stated tokens.
ctc_suite_grid,partial,strmatch,strmatch,high,O_T(N^2)+,set-F1,set_f1,4096,2439.5,0.596,,"CTC suite (token ladder), Qwen3.5-4B",0.9973,0.0027,0.997293,0.9946,500,0.0023,0.0023,1.0,1.0,yes,,,eval_rungs,strmatch,Rung labels run 0.60x of the stated tokens.
ctc_suite_grid,partial,strmatch,strmatch,high,O_T(N^2)+,set-F1,set_f1,8192,4871.5,0.595,,"CTC suite (token ladder), Qwen3.5-4B",0.9973,0.0,1.0,0.9973,500,0.0023,0.0,1.0,1.0,yes,,,eval_rungs,strmatch,Rung labels run 0.60x of the stated tokens.
ctc_suite_grid,partial,strmatch,strmatch,high,O_T(N^2)+,set-F1,set_f1,16384,9900.5,0.604,,"CTC suite (token ladder), Qwen3.5-4B",0.9953,0.0013,0.998694,0.994,500,0.003,0.0016,1.0,1.0,yes,,,eval_rungs,strmatch,Rung labels run 0.60x of the stated tokens.
ctc_suite_grid,partial,strmatch,strmatch,high,O_T(N^2)+,set-F1,set_f1,32768,19667.0,0.6,,"CTC suite (token ladder), Qwen3.5-4B",0.9944,0.0,1.0,0.9944,500,0.0033,0.0,1.0,1.0,yes,,,eval_rungs,strmatch,Rung labels run 0.60x of the stated tokens.
ctc_suite_grid,ok,textgroups,textgroups,high,O_T(NM),group-F1,textgroups_f1,2048,1829.0,0.893,,"CTC suite (token ladder), Qwen3.5-4B",0.196,0.0867,0.557653,0.1093,500,0.0178,0.0126,1.0,1.0,yes,,,eval_rungs,textgroups,Labels drift 0.89x to 1.55x across the ladder.
ctc_suite_grid,ok,textgroups,textgroups,high,O_T(NM),group-F1,textgroups_f1,4096,4817.5,1.176,,"CTC suite (token ladder), Qwen3.5-4B",0.09,0.0213,0.763333,0.0687,500,0.0128,0.0065,1.0,1.0,yes,,,eval_rungs,textgroups,Labels drift 0.89x to 1.55x across the ladder.
ctc_suite_grid,ok,textgroups,textgroups,high,O_T(NM),group-F1,textgroups_f1,8192,10344.5,1.263,,"CTC suite (token ladder), Qwen3.5-4B",0.054,0.0187,0.653704,0.0353,500,0.0101,0.0061,1.0,1.0,yes,,,eval_rungs,textgroups,Labels drift 0.89x to 1.55x across the ladder.
ctc_suite_grid,ok,textgroups,textgroups,high,O_T(NM),group-F1,textgroups_f1,16384,21416.5,1.307,,"CTC suite (token ladder), Qwen3.5-4B",0.051,0.0067,0.868627,0.0443,500,0.0098,0.0036,1.0,1.0,yes,,,eval_rungs,textgroups,Labels drift 0.89x to 1.55x across the ladder.
ctc_suite_grid,ok,textgroups,textgroups,high,O_T(NM),group-F1,textgroups_f1,32768,50781.0,1.55,,"CTC suite (token ladder), Qwen3.5-4B",0.047,0.0013,0.97234,0.0457,500,0.0095,0.0016,1.0,1.0,yes,,,eval_rungs,textgroups,Labels drift 0.89x to 1.55x across the ladder.
ctc_suite_grid,ok,scifact,scifact,low,O_T(N),gold-ID F1,gold_id_f1,2048,1669.5,0.815,,"CTC suite (token ladder), Qwen3.5-4B",0.9634,0.9758,-0.012871,-0.0124,300,0.0108,0.0089,,,yes,,"eval_size=300 (<500): SE up to +/-0.011, do not read a smaller difference as real",eval_rungs,scifact,eval_size=300. The old dense-collapse verdict is stale.
ctc_suite_grid,ok,scifact,scifact,low,O_T(N),gold-ID F1,gold_id_f1,4096,3573.0,0.872,,"CTC suite (token ladder), Qwen3.5-4B",0.9481,0.9562,-0.008543,-0.0081,300,0.0128,0.0118,,,yes,,"eval_size=300 (<500): SE up to +/-0.013, do not read a smaller difference as real",eval_rungs,scifact,eval_size=300. The old dense-collapse verdict is stale.
ctc_suite_grid,ok,scifact,scifact,low,O_T(N),gold-ID F1,gold_id_f1,8192,7024.0,0.857,,"CTC suite (token ladder), Qwen3.5-4B",0.9261,0.9334,-0.007883,-0.0073,300,0.0151,0.0144,,,yes,,"eval_size=300 (<500): SE up to +/-0.015, do not read a smaller difference as real",eval_rungs,scifact,eval_size=300. The old dense-collapse verdict is stale.
ctc_suite_grid,ok,scifact,scifact,low,O_T(N),gold-ID F1,gold_id_f1,16384,14232.5,0.869,,"CTC suite (token ladder), Qwen3.5-4B",0.8986,0.8864,0.013577,0.0122,300,0.0174,0.0183,,,yes,,"eval_size=300 (<500): SE up to +/-0.018, do not read a smaller difference as real",eval_rungs,scifact,eval_size=300. The old dense-collapse verdict is stale.
ctc_suite_grid,ok,scifact,scifact,low,O_T(N),gold-ID F1,gold_id_f1,32768,29393.5,0.897,,"CTC suite (token ladder), Qwen3.5-4B",0.8787,0.8402,0.043815,0.0385,300,0.0189,0.0212,,,yes,,"eval_size=300 (<500): SE up to +/-0.021, do not read a smaller difference as real",eval_rungs,scifact,eval_size=300. The old dense-collapse verdict is stale.
