figure,panel,task,variant,ctc_class,ctc_order,x_axis,context_tokens,context_tokens_exact,n_docs,metric,panel_y_label,full_attention,chunked_attention,relative_gap,eval_size,notes
fig4_cross_task,Retrieval,NIAH,,low,O_T(N),tokens,2048,yes,,set-F1,gold-ID F1,0.988,0.984,0.004049,500,
fig4_cross_task,Retrieval,NIAH,,low,O_T(N),tokens,4096,yes,,set-F1,gold-ID F1,0.988,0.994,-0.006073,500,
fig4_cross_task,Retrieval,NIAH,,low,O_T(N),tokens,8192,yes,,set-F1,gold-ID F1,0.976,0.976,0.0,500,
fig4_cross_task,Retrieval,NIAH,,low,O_T(N),tokens,16384,yes,,set-F1,gold-ID F1,0.984,0.978,0.006098,500,
fig4_cross_task,Retrieval,NIAH,,low,O_T(N),tokens,32768,yes,,set-F1,gold-ID F1,0.966,0.97,-0.004141,500,
fig4_cross_task,Retrieval,NQ,,low,O_T(N),tokens,2048,yes,,gold-ID F1,gold-ID F1,0.904,0.964,-0.066372,500,
fig4_cross_task,Retrieval,NQ,,low,O_T(N),tokens,4096,yes,,gold-ID F1,gold-ID F1,0.93,0.942,-0.012903,500,
fig4_cross_task,Retrieval,NQ,,low,O_T(N),tokens,8192,yes,,gold-ID F1,gold-ID F1,0.864,0.896,-0.037037,500,
fig4_cross_task,Retrieval,NQ,,low,O_T(N),tokens,16384,yes,,gold-ID F1,gold-ID F1,,,,500,
fig4_cross_task,Retrieval,NQ,,low,O_T(N),tokens,32768,yes,,gold-ID F1,gold-ID F1,,,,500,
fig4_cross_task,Retrieval,MS MARCO,,low,O_T(N),tokens,2048,yes,,set-F1,gold-ID F1,0.961,0.897,0.066597,500,
fig4_cross_task,Retrieval,MS MARCO,,low,O_T(N),tokens,4096,yes,,set-F1,gold-ID F1,0.939,0.902,0.039404,500,
fig4_cross_task,Retrieval,MS MARCO,,low,O_T(N),tokens,8192,yes,,set-F1,gold-ID F1,0.917,0.868,0.053435,500,
fig4_cross_task,Retrieval,MS MARCO,,low,O_T(N),tokens,16384,yes,,set-F1,gold-ID F1,0.9,0.871,0.032222,500,
fig4_cross_task,Retrieval,MS MARCO,,low,O_T(N),tokens,32768,yes,,set-F1,gold-ID F1,,,,500,
fig4_cross_task,Ranking / subjective,rerank,,low,O_T(N),tokens,2048,yes,,MRR@10,"MRR@10 (rerank), gold-ID F1 (OBLIQ)",0.989,0.98,0.0091,500,
fig4_cross_task,Ranking / subjective,rerank,,low,O_T(N),tokens,4096,yes,,MRR@10,"MRR@10 (rerank), gold-ID F1 (OBLIQ)",0.971,0.966,0.005149,500,
fig4_cross_task,Ranking / subjective,rerank,,low,O_T(N),tokens,8192,yes,,MRR@10,"MRR@10 (rerank), gold-ID F1 (OBLIQ)",0.96,0.95,0.010417,500,
fig4_cross_task,Ranking / subjective,rerank,,low,O_T(N),tokens,16384,yes,,MRR@10,"MRR@10 (rerank), gold-ID F1 (OBLIQ)",0.952,0.949,0.003151,500,
fig4_cross_task,Ranking / subjective,rerank,,low,O_T(N),tokens,32768,yes,,MRR@10,"MRR@10 (rerank), gold-ID F1 (OBLIQ)",,,,500,
fig4_cross_task,Ranking / subjective,OBLIQ,,low,O_T(N),tokens,2048,yes,,set-F1,"MRR@10 (rerank), gold-ID F1 (OBLIQ)",0.74,0.689,0.068919,126,
fig4_cross_task,Ranking / subjective,OBLIQ,,low,O_T(N),tokens,4096,yes,,set-F1,"MRR@10 (rerank), gold-ID F1 (OBLIQ)",0.659,0.605,0.081942,126,
fig4_cross_task,Ranking / subjective,OBLIQ,,low,O_T(N),tokens,8192,yes,,set-F1,"MRR@10 (rerank), gold-ID F1 (OBLIQ)",0.608,0.563,0.074013,126,
fig4_cross_task,Ranking / subjective,OBLIQ,,low,O_T(N),tokens,16384,yes,,set-F1,"MRR@10 (rerank), gold-ID F1 (OBLIQ)",0.277,0.262,0.054152,126,
fig4_cross_task,Ranking / subjective,OBLIQ,,low,O_T(N),tokens,32768,yes,,set-F1,"MRR@10 (rerank), gold-ID F1 (OBLIQ)",0.327,0.293,0.103976,126,
fig4_cross_task,"Absence, summarization",absence,,low,O_T(N),tokens,2048,yes,,set-F1,"set-F1 (absence), ROUGE-1 (GovReport)",0.964,0.949,0.01556,500,
fig4_cross_task,"Absence, summarization",absence,,low,O_T(N),tokens,4096,yes,,set-F1,"set-F1 (absence), ROUGE-1 (GovReport)",0.976,0.961,0.015369,500,
fig4_cross_task,"Absence, summarization",absence,,low,O_T(N),tokens,8192,yes,,set-F1,"set-F1 (absence), ROUGE-1 (GovReport)",0.986,0.981,0.005071,500,
fig4_cross_task,"Absence, summarization",absence,,low,O_T(N),tokens,16384,yes,,set-F1,"set-F1 (absence), ROUGE-1 (GovReport)",0.932,0.945,-0.013948,500,
fig4_cross_task,"Absence, summarization",absence,,low,O_T(N),tokens,32768,yes,,set-F1,"set-F1 (absence), ROUGE-1 (GovReport)",,,,500,
fig4_cross_task,"Absence, summarization",GovReport,,low,O_T(N),tokens,2048,yes,,ROUGE-1,"set-F1 (absence), ROUGE-1 (GovReport)",0.329,0.335,-0.018237,500,
fig4_cross_task,"Absence, summarization",GovReport,,low,O_T(N),tokens,4096,yes,,ROUGE-1,"set-F1 (absence), ROUGE-1 (GovReport)",0.338,0.341,-0.008876,500,
fig4_cross_task,"Absence, summarization",GovReport,,low,O_T(N),tokens,8192,yes,,ROUGE-1,"set-F1 (absence), ROUGE-1 (GovReport)",0.341,0.346,-0.014663,500,
fig4_cross_task,"Absence, summarization",GovReport,,low,O_T(N),tokens,16384,yes,,ROUGE-1,"set-F1 (absence), ROUGE-1 (GovReport)",,0.347,,500,
fig4_cross_task,"Absence, summarization",GovReport,,low,O_T(N),tokens,32768,yes,,ROUGE-1,"set-F1 (absence), ROUGE-1 (GovReport)",,0.349,,500,
fig4_cross_task,"Outlier (wiki), token sweep",outlier,,high,O_T(NM),tokens,2048,yes,,set-F1,set-F1,0.982,0.962,0.020367,500,
fig4_cross_task,"Outlier (wiki), token sweep",outlier,,high,O_T(NM),tokens,4096,yes,,set-F1,set-F1,0.956,0.869,0.091004,500,
fig4_cross_task,"Outlier (wiki), token sweep",outlier,,high,O_T(NM),tokens,8192,yes,,set-F1,set-F1,0.877,0.641,0.269099,500,
fig4_cross_task,"Outlier (wiki), token sweep",outlier,,high,O_T(NM),tokens,16384,yes,,set-F1,set-F1,0.679,0.343,0.494845,500,
fig4_cross_task,"Outlier (wiki), token sweep",outlier,,high,O_T(NM),tokens,32768,yes,,set-F1,set-F1,0.428,0.125,0.707944,500,
fig4_cross_task,Cross-document matching,strmatch,,high,O_T(N^2)+,tokens,2048,yes,,pair-F1,task metric (see notes),0.999,0.003,0.996997,500,
fig4_cross_task,Cross-document matching,strmatch,,high,O_T(N^2)+,tokens,4096,yes,,pair-F1,task metric (see notes),0.997,0.003,0.996991,500,
fig4_cross_task,Cross-document matching,strmatch,,high,O_T(N^2)+,tokens,8192,yes,,pair-F1,task metric (see notes),0.997,0.0,1.0,500,
fig4_cross_task,Cross-document matching,strmatch,,high,O_T(N^2)+,tokens,16384,yes,,pair-F1,task metric (see notes),0.995,0.001,0.998995,500,
fig4_cross_task,Cross-document matching,strmatch,,high,O_T(N^2)+,tokens,32768,yes,,pair-F1,task metric (see notes),0.994,0.0,1.0,500,
fig4_cross_task,Cross-document matching,qdmatch,,high,O_T(N^2)+,tokens,2048,yes,,pair-F1,task metric (see notes),0.999,0.65,0.349349,500,
fig4_cross_task,Cross-document matching,qdmatch,,high,O_T(N^2)+,tokens,4096,yes,,pair-F1,task metric (see notes),0.997,0.76,0.237713,500,
fig4_cross_task,Cross-document matching,qdmatch,,high,O_T(N^2)+,tokens,8192,yes,,pair-F1,task metric (see notes),0.998,0.668,0.330661,500,
fig4_cross_task,Cross-document matching,qdmatch,,high,O_T(N^2)+,tokens,16384,yes,,pair-F1,task metric (see notes),0.992,0.547,0.448589,500,
fig4_cross_task,Cross-document matching,qdmatch,,high,O_T(N^2)+,tokens,32768,yes,,pair-F1,task metric (see notes),0.981,0.333,0.66055,500,
fig4_cross_task,Cross-document matching,xabsence,,high,O_T(N^2)+,tokens,2048,yes,,set-F1,task metric (see notes),0.609,0.135,0.778325,500,
fig4_cross_task,Cross-document matching,xabsence,,high,O_T(N^2)+,tokens,4096,yes,,set-F1,task metric (see notes),0.545,0.057,0.895413,500,
fig4_cross_task,Cross-document matching,xabsence,,high,O_T(N^2)+,tokens,8192,yes,,set-F1,task metric (see notes),0.528,0.037,0.929924,500,
fig4_cross_task,Cross-document matching,xabsence,,high,O_T(N^2)+,tokens,16384,yes,,set-F1,task metric (see notes),0.505,0.012,0.976238,500,
fig4_cross_task,Cross-document matching,xabsence,,high,O_T(N^2)+,tokens,32768,yes,,set-F1,task metric (see notes),0.518,0.008,0.984556,500,
fig4_cross_task,Cross-document matching,textgroups,,high,O_T(N^2)+,tokens,2048,yes,,group-F1,task metric (see notes),0.196,0.087,0.556122,500,
fig4_cross_task,Cross-document matching,textgroups,,high,O_T(N^2)+,tokens,4096,yes,,group-F1,task metric (see notes),0.09,0.021,0.766667,500,
fig4_cross_task,Cross-document matching,textgroups,,high,O_T(N^2)+,tokens,8192,yes,,group-F1,task metric (see notes),0.054,0.019,0.648148,500,
fig4_cross_task,Cross-document matching,textgroups,,high,O_T(N^2)+,tokens,16384,yes,,group-F1,task metric (see notes),0.051,0.007,0.862745,500,
fig4_cross_task,Cross-document matching,textgroups,,high,O_T(N^2)+,tokens,32768,yes,,group-F1,task metric (see notes),0.047,0.001,0.978723,500,
fig4_cross_task,"Outlier (wiki), N sweep",outlier (wiki),scale-k,high,O_T(NM),documents,2600,no (N x per-doc tokens),20,set-F1,set-F1,0.9225,0.8625,0.065041,unknown (see README),
fig4_cross_task,"Outlier (wiki), N sweep",outlier (wiki),scale-k,high,O_T(NM),documents,6500,no (N x per-doc tokens),50,set-F1,set-F1,0.88625,0.80917,0.086973,unknown (see README),
fig4_cross_task,"Outlier (wiki), N sweep",outlier (wiki),scale-k,high,O_T(NM),documents,13000,no (N x per-doc tokens),100,set-F1,set-F1,0.68125,0.5175,0.240367,unknown (see README),
fig4_cross_task,"Outlier (wiki), N sweep",outlier (wiki),fixed-k,high,O_T(NM),documents,2600,no (N x per-doc tokens),20,set-F1,set-F1,0.9475,0.9525,-0.005277,unknown (see README),
fig4_cross_task,"Outlier (wiki), N sweep",outlier (wiki),fixed-k,high,O_T(NM),documents,6500,no (N x per-doc tokens),50,set-F1,set-F1,0.92167,0.955,-0.036163,unknown (see README),
fig4_cross_task,"Outlier (wiki), N sweep",outlier (wiki),fixed-k,high,O_T(NM),documents,13000,no (N x per-doc tokens),100,set-F1,set-F1,0.9325,0.97625,-0.046917,unknown (see README),
fig4_cross_task,Grouping (OpenAlex),grouping,,high,O_T(NM),documents,4000,no (N x per-doc tokens),20,pairwise-F1,pairwise F1,0.7112,0.65758,0.075394,unknown (see README),
fig4_cross_task,Grouping (OpenAlex),grouping,,high,O_T(NM),documents,10000,no (N x per-doc tokens),50,pairwise-F1,pairwise F1,0.51704,0.38883,0.247969,unknown (see README),
fig4_cross_task,Grouping (OpenAlex),grouping,,high,O_T(NM),documents,20000,no (N x per-doc tokens),100,pairwise-F1,pairwise F1,0.19626,0.03102,0.841944,unknown (see README),
fig4_cross_task,Contradiction,contradiction,,high,O_T(N^2)+,documents,900,no (N x per-doc tokens),20,pair-F1 / EM,EM,0.96311,0.90779,0.057439,488,
fig4_cross_task,Contradiction,contradiction,,high,O_T(N^2)+,documents,2250,no (N x per-doc tokens),50,pair-F1 / EM,EM,0.94877,0.84221,0.112314,488,
fig4_cross_task,Contradiction,contradiction,,high,O_T(N^2)+,documents,4500,no (N x per-doc tokens),100,pair-F1 / EM,EM,0.94467,0.83811,0.112801,488,
fig4_cross_task,Contradiction,contradiction,,high,O_T(N^2)+,documents,22500,no (N x per-doc tokens),500,pair-F1 / EM,EM,0.88525,0.53074,0.400463,488,
fig4_cross_task,Reorder (Gutenberg),reorder,,high,O_T(N^2)+,documents,650,no (N x per-doc tokens),5,Kendall tau,Kendall tau,0.7652,0.7024,0.08207,unknown (see README),
fig4_cross_task,Reorder (Gutenberg),reorder,,high,O_T(N^2)+,documents,2600,no (N x per-doc tokens),20,Kendall tau,Kendall tau,0.44284,0.19305,0.564064,unknown (see README),
fig4_cross_task,Reorder (Gutenberg),reorder,,high,O_T(N^2)+,documents,6500,no (N x per-doc tokens),50,Kendall tau,Kendall tau,0.07349,0.02143,0.708396,unknown (see README),
fig4_cross_task,Reorder (Gutenberg),reorder,"chunked, NO mask mixing",high,O_T(N^2)+,documents,2600,no (N x per-doc tokens),20,Kendall tau,Kendall tau,,0.04872,,unknown (see README),"single X point; chunked arm only, no matching full run"
