family,scale,task,arm,budget,mean_f1,f1_32k,gpu_hours,gpus,wt_measured,ffn_pf,total_pf,ffn_cost,run
qwen3_5,4b,outlier,dense,16M,0.2631,0.03578,0.723,8,True,217.4,379.8,1,prior-dense-outlier-16M
qwen3_5,4b,outlier,dense,32M,0.3377,0.08772,1.416,8,True,434.9,760.5,1,prior-dense-outlier-32M
qwen3_5,4b,outlier,dense,64M,0.4283,0.107,2.749,8,True,869.7,1522,1,prior-dense-outlier-64M
qwen3_5,4b,outlier,dense,160M,0.604,0.266,6.644,8,True,2174,3805,1,prior-dense-outlier-160M
qwen3_5,4b,outlier,dense,320M,0.5525,0.352,13.24,8,True,4349,7608,1,prior-dense-outlier-320M
qwen3_5,4b,nq,dense,16M,0.8778,0.76,1.458,,False,217.4,379.2,1,prior-dense-nq-16M
qwen3_5,4b,nq,dense,32M,0.9073,0.837,2.916,,False,434.9,758.4,1,prior-dense-nq-32M
qwen3_5,4b,nq,dense,48M,0.9223,0.873,4.374,,False,652.3,1139,1,prior-dense-nq-48M
qwen3_5,4b,contradiction,dense,14M,0.772,0.592,0.5648,8,True,190.3,337.4,1,prior-dense-contradiction-14M
qwen3_5,4b,contradiction,dense,28M,0.924,,1.137,8,True,380.5,673.7,1,prior-dense-contradiction-28M
qwen3_5,4b,contradiction,dense,56M,0.9437,0.881,2.29,8,True,761,1347,1,prior-dense-contradiction-56M
qwen3_5,4b,oolong,dense,20M,0.661,0.564,0.8119,4,True,271.8,485.9,1,prior-dense-oolong-20M
qwen3_5,4b,oolong,dense,40M,0.702,0.607,3.479,8,True,543.6,972.2,1,prior-dense-oolong-40M
qwen3_5,4b,oolong,dense,80M,0.7225,0.617,7.057,8,True,1087,1946,1,prior-dense-oolong-80M
qwen3_5,4b,outlier,kv17,16M,0.065,0.014,1.946,4,True,214.1,127.1,1,fs35-outlier-kv17-s16M
qwen3_5,4b,outlier,kv33,16M,0.137,0.025,2.569,4,True,214.1,191.8,1,fs35-outlier-kv33-s16M
qwen3_5,4b,outlier,kv17,32M,0.05167,0.018,3.672,4,True,435.3,260.7,1,fs35-outlier-kv17-s32M
qwen3_5,4b,outlier,kv33,32M,0.1463,0.03,5.105,4,True,435.3,395.7,1,fs35-outlier-kv33-s32M
qwen3_5,4b,outlier,kv17,64M,0.089,0.024,6.153,4,True,868.9,508,1,fs35-outlier-kv17-s64M
qwen3_5,4b,outlier,kv33,64M,0.226,0.038,8.328,4,True,868.9,763,1,fs35-outlier-kv33-s64M
qwen3_5,4b,nq,kv17,16M,0.603,0.233,2.624,4,True,213.7,100.2,1,fs35-nq-kv17-s16M
qwen3_5,4b,nq,kv33,16M,0.7218,0.417,3.576,4,True,213.7,171.5,1,fs35-nq-kv33-s16M
qwen3_5,4b,nq,kv17,32M,0.7945,0.648,4.501,4,True,434.2,205,1,fs35-nq-kv17-s32M
qwen3_5,4b,nq,kv33,32M,0.8427,0.703,6.132,4,True,434.2,351.7,1,fs35-nq-kv33-s32M
qwen3_5,4b,nq,kv17,48M,0.7498,0.517,5.852,4,True,654.9,305.8,1,fs35-nq-kv17-s48M
qwen3_5,4b,nq,kv33,48M,0.8273,0.665,8.294,4,True,654.9,522.4,1,fs35-nq-kv33-s48M
qwen3_5,4b,outlier,kv17,160M,0.05367,0.022,13.14,4,True,2183,1312,1,fs35-outlier-kv17-s160M
qwen3_5,4b,outlier,kv33,160M,0.2017,0.032,16.96,4,True,2183,1992,1,fs35-outlier-kv33-s160M
qwen3_5,4b,outlier,kv17,320M,0.04533,0.017,24.34,4,True,4371,2641,1,fs35-outlier-kv17-s320M
qwen3_5,4b,outlier,ffnmoe-s1,16M,0.05618,0.00375,1.181,4,True,107.2,272.1,0.505,fs35r2-outlier-ffnmoe-s1-s16M
qwen3_5,4b,outlier,ffnmoe-s1,32M,0.1342,0,2.437,4,True,205.4,532.3,0.4764,fs35r2-outlier-ffnmoe-s1-s32M
qwen3_5,4b,nq,ffnmoe-s1,16M,0.7233,0.4317,1.184,4,True,103.2,268.3,0.4893,fs35r2-nq-ffnmoe-s1-s16M
qwen3_5,4b,contradiction,ffnmoe-s1,14M,0.427,0.1659,1.07,4,True,94.77,242,0.4996,fs35r2-contradiction-ffnmoe-s1-s14M
qwen3_5,4b,outlier,kvb17,16M,0.033,0.009,3.369,4,True,214.1,95.54,1,fs35-outlier-kvb17-s16M
qwen3_5,4b,nq,kvb17,16M,0.7285,0.422,3.313,4,True,213.7,88.48,1,fs35-nq-kvb17-s16M
qwen3_5,4b,nq,ffnmoe-s1,32M,0.8454,0.6933,2.418,4,True,202.1,528.4,0.4702,fs35r2-nq-ffnmoe-s1-s32M
qwen3_5,4b,outlier,ffnmoe-s1,64M,0.2795,0.01856,5.008,4,True,411.7,1062,0.4734,fs35r2-outlier-ffnmoe-s1-s64M
qwen3_5,4b,outlier,kvb33,16M,0.1327,0.026,4.522,4,True,214.1,167.9,1,fs35-outlier-kvb33-s16M
qwen3_5,4b,oolong,ffnmoe-s1,20M,0.5846,0.4741,1.523,4,True,125.1,335.8,0.4562,fs35r2-oolong-ffnmoe-s1-s20M
qwen3_5,4b,nq,ffnmoe-s1,48M,0.8792,0.77,3.667,4,True,292.3,780.4,0.4504,fs35r2-nq-ffnmoe-s1-s48M
qwen3_5,4b,contradiction,ffnmoe-s1,28M,0.7624,0.5649,2.157,4,True,180.2,473.5,0.4743,fs35r2-contradiction-ffnmoe-s1-s28M
qwen3_5,4b,nq,kvb33,16M,0.832,0.653,5.929,4,True,213.7,162.6,1,fs35-nq-kvb33-s16M
qwen3_5,4b,outlier,ffnmoe-t10,16M,0.07752,0,1.259,4,True,146.1,312,0.6885,fs35r2-outlier-ffnmoe-t10-s16M
qwen3_5,4b,outlier,ffnmoe-a10,16M,0.03086,0.001441,1.214,4,True,106.1,271,0.5001,fs35r2-outlier-ffnmoe-a10-s16M
qwen3_5,4b,outlier,kvb33,32M,0.1703,0.03,7.407,4,True,435.3,349.9,1,fs35-outlier-kvb33-s32M
qwen3_5,4b,oolong,ffnmoe-s1,40M,0.6546,0.5508,3.08,4,True,243.9,665.6,0.4447,fs35r2-oolong-ffnmoe-s1-s40M
qwen3_5,4b,outlier,kv33,320M,0.284,0.049,31.91,4,True,4371,4013,1,fs35-outlier-kv33-s320M
qwen3_5,4b,contradiction,ffnmoe-s1,56M,0.9096,0.824,4.31,4,True,353.2,939,0.4639,fs35r2-contradiction-ffnmoe-s1-s56M
qwen3_5,4b,nq,ffnmoe-t10,16M,0.7025,0.3183,1.265,4,True,144.6,311,0.686,fs35r2-nq-ffnmoe-t10-s16M
qwen3_5,4b,outlier,ffnmoe-t10,32M,0.2211,0.01472,2.551,4,True,259,586.6,0.6009,fs35r2-outlier-ffnmoe-t10-s32M
qwen3_5,4b,nq,ffnmoe-a10,16M,0.4442,0.1683,1.219,4,True,104.4,269.6,0.4954,fs35r2-nq-ffnmoe-a10-s16M
qwen3_5,4b,contradiction,ffnmoe-t10,14M,0.5794,0.3016,1.126,4,True,129.3,276.7,0.6816,fs35r2-contradiction-ffnmoe-t10-s14M
qwen3_5,4b,contradiction,ffnmoe-a10,14M,0.05016,0,1.121,4,True,113.2,260.6,0.5969,fs35r2-contradiction-ffnmoe-a10-s14M
qwen3_5,4b,nq,kvb33,32M,0.8347,0.67,9.681,4,True,434.2,340.1,1,fs35-nq-kvb33-s32M
qwen3_5,4b,nq,kvb33,48M,0.878,0.767,10.25,4,True,654.9,508.8,1,fs35-nq-kvb33-s48M
qwen3_5,4b,nq,ffnmoe-t10,32M,0.8525,0.7,2.504,4,True,245.6,572.3,0.5715,fs35r2-nq-ffnmoe-t10-s32M
qwen3_5,4b,contradiction,ffnmoe-t10,28M,0.8082,0.627,2.248,4,True,221.4,514.9,0.5828,fs35r2-contradiction-ffnmoe-t10-s28M
qwen3_5,4b,oolong,ffnmoe-t10,20M,0.5957,0.4753,1.627,4,True,170.9,381.9,0.6232,fs35r2-oolong-ffnmoe-t10-s20M
qwen3_5,4b,oolong,ffnmoe-a10,20M,0.5076,0.4207,1.581,4,True,125.4,336.2,0.4574,fs35r2-oolong-ffnmoe-a10-s20M
qwen3_5,4b,oolong,ffnmoe-s1,80M,0.679,0.5752,6.322,4,True,475.7,1317,0.4306,fs35r2-oolong-ffnmoe-s1-s80M
qwen3_5,4b,outlier,ffnmoe-t10,64M,0.3209,0.06617,5.085,4,True,473.3,1124,0.5442,fs35r2-outlier-ffnmoe-t10-s64M
qwen3_5,4b,outlier,kvb33,64M,0.2467,0.053,11.3,4,True,868.9,661.2,1,fs35-outlier-kvb33-s64M
qwen3_5,4b,nq,ffnmoe-t10,48M,0.8667,0.7333,3.812,4,True,359.8,848.2,0.5544,fs35r2-nq-ffnmoe-t10-s48M
qwen3_5,4b,outlier,ffnmoe-s2,16M,0.01903,0.007689,2.245,4,True,115,442.2,0.03675,fs35r2-outlier-ffnmoe-s2-s16M
qwen3_5,4b,nq,ffnmoe-s2,16M,0.04625,0.006667,2.229,4,True,107.7,435.1,0.02173,fs35r2-nq-ffnmoe-s2-s16M
qwen3_5,4b,contradiction,ffnmoe-s2,14M,0.0005,0,1.999,4,True,98.65,392.7,0.02043,fs35r2-contradiction-ffnmoe-s2-s14M
qwen3_5,4b,outlier,ffnmoe-s1,160M,0.4154,0.06522,12.35,4,True,986.2,2611,0.4525,fs35r2-outlier-ffnmoe-s1-s160M
qwen3_5,4b,oolong,ffnmoe-s2,20M,0.5151,0.4099,2.911,4,True,131.8,552.5,0.02439,fs35r2-oolong-ffnmoe-s2-s20M
qwen3_5,4b,outlier,ffnmoe-s2,32M,0.08933,0.004444,4.607,4,True,214.5,866.3,0.02106,fs35r2-outlier-ffnmoe-s2-s32M
qwen3_5,4b,contradiction,ffnmoe-t10,56M,0.88,0.7409,4.421,4,True,412.4,998.1,0.5416,fs35r2-contradiction-ffnmoe-t10-s56M
qwen3_5,4b,oolong,ffnmoe-t10,40M,0.6424,0.5423,3.243,4,True,318.5,740.7,0.5807,fs35r2-oolong-ffnmoe-t10-s40M
qwen3_5,4b,nq,ffnmoe-s2,32M,0.5262,0.2283,4.596,4,True,208.5,859,0.01493,fs35r2-nq-ffnmoe-s2-s32M
qwen3_5,4b,contradiction,ffnmoe-s2,28M,0.0003333,0,4.07,4,True,185.7,772,0.01454,fs35r2-contradiction-ffnmoe-s2-s28M
qwen3_5,4b,nq,ffnmoe-s2,48M,0.6071,0.3783,6.987,4,True,303,1278,0.01647,fs35r2-nq-ffnmoe-s2-s48M
qwen3_5,4b,oolong,ffnmoe-s2,40M,0.6012,0.4866,5.91,4,True,253.4,1095,0.01728,fs35r2-oolong-ffnmoe-s2-s40M
qwen3_5,4b,outlier,ffnmoe-s2,64M,0.1654,0.001111,9.45,4,True,424.9,1725,0.01515,fs35r2-outlier-ffnmoe-s2-s64M
qwen3_5,4b,contradiction,ffnmoe-s2,56M,0.0006667,0,8.195,4,True,361.3,1533,0.01062,fs35r2-contradiction-ffnmoe-s2-s56M
qwen3_5,4b,oolong,ffnmoe-t10,80M,0.6878,0.581,6.463,4,True,595.6,1437,0.5391,fs35r2-oolong-ffnmoe-t10-s80M
qwen3_5,4b,oolong,ffnmoe-s2,80M,0.6479,0.5505,11.99,4,True,492.3,2175,0.01505,fs35r2-oolong-ffnmoe-s2-s80M
qwen3_5,4b,nq,dense,4M,0.805,0.6783,0.3196,4,True,56.44,94.79,1,fs35-nq-dense-s4M
qwen3_5,4b,contradiction,dense,7M,0.5645,0.2727,0.591,4,True,98.8,168.7,1,fs35-contradiction-dense-s7M
qwen3_5,4b,outlier,dense,8M,0.1939,0.01408,0.6833,4,True,113.2,189.9,1,fs35-outlier-dense-s8M
qwen3_5,4b,outlier,ffnmoe-t10,160M,0.3778,0.03383,12.68,4,True,1162,2787,0.533,fs35r2-outlier-ffnmoe-t10-s160M
qwen3_5,4b,nq,dense,8M,0.86,0.7467,0.6814,4,True,112.9,189.6,1,fs35-nq-dense-s8M
qwen3_5,4b,oolong,dense,10M,0.624,0.5366,0.8669,4,True,141,243,1,fs35-oolong-dense-s10M
qwen3_5,4b,outlier,kvb33,160M,0.3687,0.079,21.52,4,True,2183,1753,1,fs35-outlier-kvb33-s160M
qwen3_5,4b,contradiction,kv17,14M,0.3435,0.098,2.198,4,True,190.4,102.8,1,fs35-contradiction-kv17-s14M
qwen3_5,4b,contradiction,kv33,14M,0.5248,0.219,3.069,4,True,190.4,165.5,1,fs35-contradiction-kv33-s14M
qwen3_5,4b,contradiction,kv17,28M,0.5543,0.258,3.583,4,True,389.9,208.7,1,fs35-contradiction-kv17-s28M
qwen3_5,4b,outlier,ffnmoe-s2,160M,0.3218,0.0465,23.56,4,True,1021,4271,0.01609,fs35r2-outlier-ffnmoe-s2-s160M
qwen3_5,4b,oolong,kv17,20M,0.6372,0.534,3.887,4,True,278.8,134.5,1,fs35-oolong-kv17-s20M
qwen3_5,4b,outlier,ffnmoe-s1,320M,0.4933,0.1153,24.67,4,True,2008,5261,0.4615,fs35r2-outlier-ffnmoe-s1-s320M
qwen3_5,4b,contradiction,kv33,28M,0.7625,0.53,4.426,4,True,389.9,337.5,1,fs35-contradiction-kv33-s28M
qwen3_5,4b,contradiction,kvb17,14M,0.05275,0.008,2.693,4,True,190.4,85.94,1,fs35-contradiction-kvb17-s14M
qwen3_5,4b,contradiction,kvb33,14M,0.2675,0.058,3.786,4,True,190.4,151.2,1,fs35-contradiction-kvb33-s14M
qwen3_5,4b,contradiction,kv17,56M,0.7638,0.528,6.204,4,True,789.7,429.2,1,fs35-contradiction-kv17-s56M
qwen3_5,4b,oolong,kv17,40M,0.652,0.551,6.308,4,True,566.7,271.7,1,fs35-oolong-kv17-s40M
qwen3_5,4b,oolong,kv33,20M,0.641,0.533,6.194,4,True,278.8,226.8,1,fs35-oolong-kv33-s20M
qwen3_5,4b,contradiction,kv33,56M,0.8612,0.719,7.89,4,True,789.7,694.9,1,fs35-contradiction-kv33-s56M
qwen3_5,4b,contradiction,kvb33,28M,0.5767,0.317,5.776,4,True,389.9,311.5,1,fs35-contradiction-kvb33-s28M
qwen3_5,4b,oolong,kv33,40M,0.6627,0.558,9.694,4,True,566.7,456.9,1,fs35-oolong-kv33-s40M
qwen3_5,4b,oolong,kv17,80M,0.6647,0.576,10.41,4,True,1140,564.1,1,fs35-oolong-kv17-s80M
qwen3_5,4b,outlier,ffnmoe-t10,320M,0.499,0.1234,25.44,4,True,2297,5550,0.5279,fs35r2-outlier-ffnmoe-t10-s320M
qwen3_5,4b,contradiction,kvb33,56M,0.761,0.51,11.17,4,True,789.7,637.6,1,fs35-contradiction-kvb33-s56M
qwen3_5,4b,oolong,kv33,80M,0.6745,0.568,15.32,4,True,1140,962.3,1,fs35-oolong-kv33-s80M
qwen3_5,4b,outlier,kvb33,320M,0.4863,0.141,37.08,4,True,4371,3527,1,fs35-outlier-kvb33-s320M
qwen3_5,4b,outlier,ffnmoe-s2,320M,0.3987,0.06133,46.7,4,True,2060,8562,0.0119,fs35r2-outlier-ffnmoe-s2-s320M
qwen3_5,4b,contradiction,attnroute-c50,14M,0.783,0.5831,0.9532,4,True,189.7,335.9,1,fs35s4battn-contradiction-attnroute-c50-s14M
qwen3_5,4b,contradiction,attnroute-c25,14M,0.783,0.5831,0.9555,4,True,189.7,335.9,1,fs35s4battn-contradiction-attnroute-c25-s14M
qwen3_5,4b,contradiction,attnroute-c10,14M,0.783,0.5831,0.9545,4,True,189.7,335.9,1,fs35s4battn-contradiction-attnroute-c10-s14M
qwen3_5,4b,contradiction,attnroute-c10,56M,0.002167,0,2.295,4,True,761.4,1245,1,fs35s4battn-contradiction-attnroute-c10-s56M
qwen3_5,4b,contradiction,attnroute-c25,56M,0.005458,0,2.526,4,True,761.4,1257,1,fs35s4battn-contradiction-attnroute-c25-s56M
qwen3_5,4b,oolong,attnroute-c10,80M,0.6253,0.5147,3.224,4,True,1105,1792,1,fs35s4battn-oolong-attnroute-c10-s80M
qwen3_5,4b,contradiction,attnroute-c50,56M,0.8941,0.77,2.965,4,True,761.4,1286,1,fs35s4battn-contradiction-attnroute-c50-s56M
qwen3_5,4b,oolong,attnroute-c25,80M,0.6433,0.5415,3.616,4,True,1105,1815,1,fs35s4battn-oolong-attnroute-c25-s80M
qwen3_5,4b,oolong,attnroute-c50,80M,0.671,0.5623,4.37,4,True,1105,1858,1,fs35s4battn-oolong-attnroute-c50-s80M
qwen3_5,4b,oolong,attnroute-c50,20M,0.6377,0.5356,1.329,4,True,274.2,478,1,fs35s4battn-oolong-attnroute-c50-s20M
qwen3_5,4b,oolong,attnroute-c25,20M,0.6376,0.5356,1.326,4,True,274.2,478,1,fs35s4battn-oolong-attnroute-c25-s20M
qwen3_5,4b,oolong,attnroute-c10,20M,0.6376,0.5356,1.332,4,True,274.2,478,1,fs35s4battn-oolong-attnroute-c10-s20M
qwen3_5,4b,contradiction,flex-c60,56M,0.8926,0.7824,3.141,4,True,373,918.1,0.4898,fs35s4bflex-contradiction-flex-c60-s56M
qwen3_5,4b,contradiction,flex-c70,56M,0.9267,0.8504,3.891,4,True,434.5,1020,0.5707,fs35s4bflex-contradiction-flex-c70-s56M
qwen3_5,4b,oolong,flex-c60,80M,0.647,0.5488,4.465,4,True,537.6,1314,0.4866,fs35s4bflex-oolong-flex-c60-s80M
qwen3_5,4b,oolong,flex-c70,80M,0.6964,0.6056,5.626,4,True,626.9,1468,0.5674,fs35s4bflex-oolong-flex-c70-s80M
qwen3,4b,oolong,dense,20M,0.2244,0.1488,1.821,8,True,317.6,731,1,fs35q3s4bdense2-oolong-dense-s20M
qwen3,4b,contradiction,dense,14M,0,0,1.245,8,True,217.5,513.1,1,fs35q3s4bdense2-contradiction-dense-s14M
qwen3,4b,oolong,dense,80M,0.6667,0.5569,7.578,8,True,1296,2930,1,fs35q3s4bdense2-oolong-dense-s80M
qwen3,4b,contradiction,dense,56M,0.8718,0.7365,5.127,8,True,878.4,2046,1,fs35q3s4bdense2-contradiction-dense-s56M
qwen3,4b,oolong,flex-c60,80M,0.6197,0.5039,12.19,8,True,616.4,1998,0.4755,fs35q3s4bflex2-oolong-flex-c60-s80M
qwen3,4b,contradiction,flex-c60,56M,0.1533,0.01067,8.818,8,True,431,1464,0.4907,fs35q3s4bflex2-contradiction-flex-c60-s56M
qwen3,4b,oolong,flex-c45,80M,0.6279,0.5112,10.6,8,True,600.8,1860,0.4636,fs35q3s4bflex2-oolong-flex-c45-s80M
qwen3,4b,contradiction,flex-c45,56M,0.4798,0.1193,8.915,8,True,418.9,1459,0.4768,fs35q3s4bflex2-contradiction-flex-c45-s56M
qwen3,4b,oolong,flexs-c30,80M,0.5832,0.499,8.676,8,True,535.1,1184,0.4129,fs35q3s4bflexs2-oolong-flexs-c30-s80M
qwen3,4b,oolong,flexs-c15,80M,0.5469,0.4852,7.285,8,True,542.3,962.8,0.4184,fs35q3s4bflexs2-oolong-flexs-c15-s80M
qwen3,4b,contradiction,flexs-c30,56M,0,0,6.191,8,True,369.4,852.2,0.4206,fs35q3s4bflexs2-contradiction-flexs-c30-s56M
qwen3,4b,oolong,flexs-c05,80M,0.4925,0.4355,7.217,8,True,542.4,956.4,0.4185,fs35q3s4bflexs2-oolong-flexs-c05-s80M
qwen3,4b,contradiction,flexs-c15,56M,0,0,6.025,8,True,363.1,887.3,0.4133,fs35q3s4bflexs2-contradiction-flexs-c15-s56M
qwen3,4b,contradiction,flexs-c05,56M,0,0,6.912,8,True,372.7,1037,0.4243,fs35q3s4bflexs2-contradiction-flexs-c05-s56M
qwen3_5,0.8b,oolong,dense,20M,0.622,0.4942,0.5252,4,True,31.99,97.11,1,fs35s08b-oolong-dense-s20M
qwen3_5,0.8b,oolong,ffnmoe-t10,20M,0.5604,0.45,0.5188,4,True,21.37,86.42,0.668,fs35s08b-oolong-ffnmoe-t10-s20M
qwen3_5,0.8b,contradiction,dense,14M,0.02931,0.01,0.3592,4,True,22.13,67.75,1,fs35s08b-contradiction-dense-s14M
qwen3_5,0.8b,contradiction,ffnmoe-t10,14M,0.007067,0,0.3601,4,True,16.81,62.4,0.7594,fs35s08b-contradiction-ffnmoe-t10-s14M
qwen3_5,0.8b,oolong,dense,80M,0.6697,0.5681,2.151,4,True,128.9,389,1,fs35s08b-oolong-dense-s80M
qwen3_5,0.8b,contradiction,dense,56M,0.7039,0.5141,1.471,4,True,88.83,270.4,1,fs35s08b-contradiction-dense-s56M
qwen3_5,0.8b,contradiction,ffnmoe-t10,56M,0.2708,0.04133,1.455,4,True,53.09,234.6,0.5976,fs35s08b-contradiction-ffnmoe-t10-s56M
qwen3_5,0.8b,oolong,kv17,20M,0.5845,0.465,2.508,4,True,32.52,24.43,1,fs35s08b-oolong-kv17-s20M
qwen3_5,0.8b,oolong,ffnmoe-t10,80M,0.6394,0.5337,2.103,4,True,72.61,332.7,0.5634,fs35s08b-oolong-ffnmoe-t10-s80M
qwen3_5,0.8b,contradiction,kv33,14M,0.09075,0.009,1.571,4,True,22.21,30.68,1,fs35s08b-contradiction-kv33-s14M
qwen3_5,0.8b,contradiction,kv33,56M,0.4542,0.155,4.144,4,True,92.14,128.9,1,fs35s08b-contradiction-kv33-s56M
qwen3_5,0.8b,oolong,kv17,80M,0.66,0.571,6.628,4,True,133,102.6,1,fs35s08b-oolong-kv17-s80M
qwen3_5,0.8b,oolong,ffnmoe-t10p,20M,0.5716,0.5015,0.5197,4,True,20.8,85.84,0.6502,fs35s08b-oolong-ffnmoe-t10p-s20M
qwen3_5,0.8b,contradiction,ffnmoe-t10p,14M,0.000222,0,0.1968,4,True,21.2,66.81,0.958,fs35s08b-contradiction-ffnmoe-t10p-s14M
qwen3_5,0.8b,oolong,ffnmoe-t10p,80M,0.642,0.5093,2.113,4,True,69.67,329.8,0.5406,fs35s08b-oolong-ffnmoe-t10p-s80M
qwen3_5,0.8b,contradiction,ffnmoe-t10p,56M,0.3635,0.09613,1.44,4,True,52.05,233.6,0.586,fs35s08b-contradiction-ffnmoe-t10p-s56M
qwen3_5,2b,oolong,dense,20M,0.65,0.5604,0.7505,4,True,109.7,219.4,1,fs35s2b-oolong-dense-s20M
qwen3_5,2b,oolong,ffnmoe-t10,20M,0.5062,0.4137,0.7071,4,True,73.05,182.5,0.6661,fs35s2b-oolong-ffnmoe-t10-s20M
qwen3_5,2b,contradiction,dense,14M,0.4573,0.1963,0.5064,4,True,75.88,152.2,1,fs35s2b-contradiction-dense-s14M
qwen3_5,2b,contradiction,ffnmoe-t10,14M,0.04985,0.001333,0.4834,4,True,49.21,125.4,0.6485,fs35s2b-contradiction-ffnmoe-t10-s14M
qwen3_5,2b,oolong,kv17,20M,0.604,0.477,2.684,4,True,111.5,61.78,1,fs35s2b-oolong-kv17-s20M
qwen3_5,2b,oolong,dense,80M,0.6928,0.5803,3.035,4,True,441.9,878.5,1,fs35s2b-oolong-dense-s80M
qwen3_5,2b,oolong,ffnmoe-t10,80M,0.6463,0.5544,2.832,4,True,240.8,677.3,0.545,fs35s2b-oolong-ffnmoe-t10-s80M
qwen3_5,2b,contradiction,kv33,14M,0.2375,0.029,1.826,4,True,76.16,75.76,1,fs35s2b-contradiction-kv33-s14M
qwen3_5,2b,contradiction,dense,56M,0.8616,0.7148,2.109,4,True,304.6,607.7,1,fs35s2b-contradiction-dense-s56M
qwen3_5,2b,contradiction,ffnmoe-t10,56M,0.707,0.4801,1.935,4,True,166.4,469.5,0.5465,fs35s2b-contradiction-ffnmoe-t10-s56M
qwen3_5,2b,contradiction,kv33,56M,0.632,0.344,4.811,4,True,315.9,318,1,fs35s2b-contradiction-kv33-s56M
qwen3_5,2b,oolong,kv17,80M,0.6687,0.576,6.876,4,True,456.1,259.1,1,fs35s2b-oolong-kv17-s80M
qwen3_5,2b,oolong,ffnmoe-t10p,20M,0.5436,0.4411,0.3591,4,True,71.94,181.4,0.656,fs35s2b-oolong-ffnmoe-t10p-s20M
qwen3_5,2b,contradiction,ffnmoe-t10p,14M,0.0275,0.002667,0.2441,4,True,48.16,124.3,0.6347,fs35s2b-contradiction-ffnmoe-t10p-s14M
qwen3_5,2b,contradiction,ffnmoe-t10p,56M,0.6918,0.4204,0.9918,4,True,164.2,467.3,0.5393,fs35s2b-contradiction-ffnmoe-t10p-s56M
qwen3_5,2b,oolong,ffnmoe-t10p,80M,0.6526,0.5691,2.823,4,True,235.9,672.4,0.5338,fs35s2b-oolong-ffnmoe-t10p-s80M
qwen3_5,4b,oolong,ffnmoe-t10p,20M,0.5787,0.4356,1.624,4,True,172.9,384,0.6306,fs35s4b-oolong-ffnmoe-t10p-s20M
qwen3_5,4b,contradiction,ffnmoe-t10p,14M,0.5247,0.2625,1.121,4,True,125,272.4,0.6588,fs35s4b-contradiction-ffnmoe-t10p-s14M
qwen3_5,4b,oolong,ffnmoe-t10p,80M,0.6714,0.5561,6.461,4,True,583.1,1424,0.5278,fs35s4b-oolong-ffnmoe-t10p-s80M
qwen3_5,4b,contradiction,ffnmoe-t10p,56M,0.8853,0.7583,4.476,4,True,404.8,990.5,0.5316,fs35s4b-contradiction-ffnmoe-t10p-s56M
qwen3_5,9b,oolong,dense,20M,0.6775,0.5806,2.41,8,True,584.9,891.4,1,fs35s9b-oolong-dense-s20M
qwen3_5,9b,oolong,kv17,20M,0.6352,0.539,5.834,8,True,594.7,198.4,1,fs35s9b-oolong-kv17-s20M
qwen3_5,9b,contradiction,dense,14M,0.831,0.654,1.649,8,True,404.7,617.4,1,fs35s9b-contradiction-dense-s14M
qwen3_5,9b,oolong,dense,80M,0.7318,0.6086,9.871,8,True,2357,3569,1,fs35s9b-oolong-dense-s80M
qwen3_5,9b,contradiction,kv33,14M,0.5863,0.335,4.475,8,True,406.2,234.1,1,fs35s9b-contradiction-kv33-s14M
qwen3_5,9b,contradiction,dense,56M,0.9396,0.8733,6.786,8,True,1624,2466,1,fs35s9b-contradiction-dense-s56M
qwen3_5,9b,oolong,ffnmoe-t10,20M,0.6365,0.5357,2.182,8,True,371.3,676.3,0.6348,fs35s9b-oolong-ffnmoe-t10-s20M
qwen3_5,9b,contradiction,ffnmoe-t10,14M,0.582,0.3401,1.509,8,True,271.3,483.4,0.6705,fs35s9b-contradiction-ffnmoe-t10-s14M
qwen3_5,9b,oolong,kv17,80M,0.6625,0.567,17.07,8,True,2433,816.1,1,fs35s9b-oolong-kv17-s80M
qwen3_5,9b,oolong,ffnmoe-t10,80M,0.6896,0.5789,8.623,8,True,1304,2516,0.5533,fs35s9b-oolong-ffnmoe-t10-s80M
qwen3_5,9b,contradiction,kv33,56M,0.9138,0.799,12.21,8,True,1685,1069,1,fs35s9b-contradiction-kv33-s56M
qwen3_5,9b,contradiction,ffnmoe-t10,56M,0.9053,0.804,5.965,8,True,904.8,1746,0.557,fs35s9b-contradiction-ffnmoe-t10-s56M
qwen3_5,27b,oolong,dense,20M,0.7278,0.6223,4.598,16,True,2072,2838,1,fs35s27b-oolong-dense-s20M
qwen3_5,27b,oolong,kv17,20M,0.6823,0.599,10.97,16,True,2106,633.7,1,fs35s27b-oolong-kv17-s20M
qwen3_5,27b,oolong,dense,80M,0.7856,0.7019,18.84,16,True,8347,1.136e+04,1,fs35s27b-oolong-dense-s80M
qwen3_5,27b,oolong,ffnmoe-t10,20M,0.5825,0.4528,3.757,16,True,2802,2163,0.6764,fs35s27b-oolong-ffnmoe-t10-s20M
qwen3_5,27b,oolong,ffnmoe-t10,80M,0.6899,0.5764,14.92,16,True,9148,7589,0.548,fs35s27b-oolong-ffnmoe-t10-s80M
qwen3_5,27b,contradiction,dense,14M,0.8958,0.7883,2.869,16,True,2866,1965,1,fs35s27b-contradiction-dense-s14M
qwen3_5,27b,oolong,kv17,80M,0.6797,0.598,31.24,16,True,8615,2628,1,fs35s27b-oolong-kv17-s80M
qwen3_5,27b,contradiction,ffnmoe-t10,14M,0.5314,0.2321,2.797,16,True,2341,1701,0.8168,fs35s27b-contradiction-ffnmoe-t10-s14M
qwen3_5,27b,contradiction,kv33,14M,0.7928,0.607,11.91,16,True,1439,746,1,fs35s27b-contradiction-kv33-s14M
qwen3_5,27b,contradiction,dense,56M,0.9799,0.9507,11.44,16,True,1.151e+04,7849,1,fs35s27b-contradiction-dense-s56M
qwen3_5,27b,contradiction,ffnmoe-t10,56M,0.9319,0.8648,10.21,16,True,6429,5310,0.5587,fs35s27b-contradiction-ffnmoe-t10-s56M
qwen3_5,27b,contradiction,kv33,56M,0.9563,0.895,31.73,16,True,5967,3341,1,fs35s27b-contradiction-kv33-s56M
