run,ex,task,arm,budget,scale,gpus,steps,train_seconds,job_seconds,t_first_step,t_last_step
fs35-contradiction-dense-s7M,01M1HT0KQKS2Z8JQ4QWK6YWN66,contradiction,dense,7M,4b,4,14,531.899,838.008379,2026-09-02T19:42:43.507,2026-09-02T19:51:35.406
fs35-contradiction-kv17-s14M,01M1HTNXABT2HH0PAHFXRSWTMX,contradiction,kv17,14M,4b,4,24,1977.797,3136.319011,2026-09-02T20:08:31.680,2026-09-02T20:41:29.477
fs35-contradiction-kv17-s28M,01M1HTQG0HBP45GZFRR6JMPXGD,contradiction,kv17,28M,4b,4,49,3224.439,4349.983975,2026-09-02T20:08:53.691,2026-09-02T21:02:38.130
fs35-contradiction-kv17-s56M,01M1HTS1P7VP0H2RGQTPZSCNQ2,contradiction,kv17,56M,4b,4,99,5583.61,6462.920806,2026-09-02T20:05:43.602,2026-09-02T21:38:47.212
fs35-contradiction-kv33-s14M,01M1HTPP1XWKCEM2KZXQVCZSZW,contradiction,kv33,14M,4b,4,24,2761.847,4081.053252,2026-09-02T20:11:50.288,2026-09-02T20:57:52.135
fs35-contradiction-kv33-s28M,01M1HTR90WXZD89H7AEBRZA3PS,contradiction,kv33,28M,4b,4,49,3983.387,5102.129796,2026-09-02T20:09:20.558,2026-09-02T21:15:43.945
fs35-contradiction-kv33-s56M,01M1HTSVVT4HW73QF3WC1RF8E1,contradiction,kv33,56M,4b,4,99,7101.186,8043.036927,2026-09-02T20:07:27.885,2026-09-02T22:05:49.071
fs35-contradiction-kvb17-s14M,01M1HV082R41BBS0XNBSJ6XVRG,contradiction,kvb17,14M,4b,4,24,2423.31,3545.023897,2026-09-02T20:31:32.245,2026-09-02T21:11:55.555
fs35-contradiction-kvb33-s14M,01M1HTZE5P4PNQP5NMRHP4KAAM,contradiction,kvb33,14M,4b,4,24,3407.765,4849.67182,2026-09-02T20:21:32.982,2026-09-02T21:18:20.747
fs35-contradiction-kvb33-s28M,01M1HV129N8X9S25V06GWTGZ1C,contradiction,kvb33,28M,4b,4,49,5198.211,6449.020495,2026-09-02T20:52:37.857,2026-09-02T22:19:16.068
fs35-contradiction-kvb33-s56M,01M1HV1TJ2B614CD3TJNZ3T99F,contradiction,kvb33,56M,4b,4,99,10048.889,11230.202937,2026-09-02T21:01:33.060,2026-09-02T23:49:01.949
fs35-nq-dense-s4M,01M1HSZ0GES40YMQFCD8FY1S08,nq,dense,4M,4b,4,8,287.674,592.39697,2026-09-02T19:41:52.786,2026-09-02T19:46:40.460
fs35-nq-dense-s8M,01M1HSZTT9TDS8D0399CDZ2RSH,nq,dense,8M,4b,4,16,613.258,1126.154395,2026-09-02T19:45:41.219,2026-09-02T19:55:54.477
fs35-nq-kv17-s16M,01M1GKZADFEH7TBPK7NHG1KY94,nq,kv17,16M,4b,4,35,2361.83,3295.095073,2026-09-02T09:06:17.739,2026-09-02T09:45:39.569
fs35-nq-kv17-s32M,01M1GM1EQ7N2615ZG2QJM71NRM,nq,kv17,32M,4b,4,71,4051.243,4750.38695,2026-09-02T09:02:22.044,2026-09-02T10:09:53.287
fs35-nq-kv17-s48M,01M1GM3PSXDF0PT0P7DKRRY6QF,nq,kv17,48M,4b,4,107,5266.88,6056.766967,2026-09-02T09:40:03.519,2026-09-02T11:07:50.399
fs35-nq-kv33-s16M,01M1GM0DT59Q75BC3VT8DEV7QQ,nq,kv33,16M,4b,4,35,3218.466,4267.602579,2026-09-02T09:08:11.795,2026-09-02T10:01:50.261
fs35-nq-kv33-s32M,01M1GM2M6W7R8W4KR0BZVK8SKM,nq,kv33,32M,4b,4,71,5518.916,6318.198094,2026-09-02T09:03:59.458,2026-09-02T10:35:58.374
fs35-nq-kv33-s48M,01M1GM4WCY8160S927C7HEX3W0,nq,kv33,48M,4b,4,107,7464.258,8262.486625,2026-09-02T09:59:40.796,2026-09-02T12:04:05.054
fs35-nq-kvb17-s16M,01M1H383F8H4PJ2PGVYZ2FX3GT,nq,kvb17,16M,4b,4,35,2981.791,4218.006927,2026-09-02T15:09:01.583,2026-09-02T15:58:43.374
fs35-nq-kvb33-s16M,01M1H36P2AW8KVV2FSHBWSSMMF,nq,kvb33,16M,4b,4,35,5336.361,6717.079665,2026-09-02T15:11:26.525,2026-09-02T16:40:22.886
fs35-nq-kvb33-s32M,01M1H39ERCB4Y2SS8GZT79ETQJ,nq,kvb33,32M,4b,4,71,8712.525,10090.075257,2026-09-02T15:11:13.665,2026-09-02T17:36:26.190
fs35-nq-kvb33-s48M,01M1H3AZ02PGCPJ7E7PZTNV4EY,nq,kvb33,48M,4b,4,107,9223.284,10435.62094,2026-09-02T15:08:25.997,2026-09-02T17:42:09.281
fs35-oolong-dense-s10M,01M1HT1DWDSH12GR5Z2FB0JCAT,oolong,dense,10M,4b,4,20,780.214,1081.210897,2026-09-02T19:43:17.020,2026-09-02T19:56:17.234
fs35-oolong-kv17-s20M,01M1HTTQV5SG40K5WJS32V0DA4,oolong,kv17,20M,4b,4,41,3498.04,4597.388179,2026-09-02T20:10:17.366,2026-09-02T21:08:35.406
fs35-oolong-kv17-s40M,01M1HTW8W7M0249T45S7MG5QX7,oolong,kv17,40M,4b,4,83,5677.305,6710.293687,2026-09-02T20:09:59.966,2026-09-02T21:44:37.271
fs35-oolong-kv17-s80M,01M1HTXSWRMWQF0WRKR4YESG1T,oolong,kv17,80M,4b,4,167,9371.864,10769.694763,2026-09-02T20:19:32.307,2026-09-02T22:55:44.171
fs35-oolong-kv33-s20M,01M1HTVF8B46QGKT3DHY90CEVD,oolong,kv33,20M,4b,4,41,5574.979,6898.557519,2026-09-02T20:14:17.188,2026-09-02T21:47:12.167
fs35-oolong-kv33-s40M,01M1HTX1SFB9C32BWMG7SMPNJW,oolong,kv33,40M,4b,4,83,8724.15,9991.642678,2026-09-02T20:15:00.779,2026-09-02T22:40:24.929
fs35-oolong-kv33-s80M,01M1HTYNZ7J6H8PRG2SPPC5CNP,oolong,kv33,80M,4b,4,167,13786.26,15019.775369,2026-09-02T20:17:00.209,2026-09-03T00:06:46.469
fs35-outlier-dense-s8M,01M1HT26HWFCM1SR57E3QF2V3N,outlier,dense,8M,4b,4,16,615.008,917.433145,2026-09-02T19:43:33.483,2026-09-02T19:53:48.491
fs35-outlier-kv17-s160M,01M1GKT9V6HMRAEY2NXSWH1891,outlier,kv17,160M,4b,4,306,11821.62,13118.726623,2026-09-02T09:08:44.786,2026-09-02T12:25:46.406
fs35-outlier-kv17-s16M,01M1GKKGC9ABY2EQCPNW7A8QFH,outlier,kv17,16M,4b,4,30,1751.271,2595.058527,2026-09-02T08:56:54.303,2026-09-02T09:26:05.574
fs35-outlier-kv17-s320M,01M1GKWYYXK1WEF5EV72VC99QF,outlier,kv17,320M,4b,4,613,21909.453,22734.357485,2026-09-02T09:04:06.013,2026-09-02T15:09:15.466
fs35-outlier-kv17-s32M,01M1GKNKKYR6EAD6BEPQ7XR4T5,outlier,kv17,32M,4b,4,61,3304.437,4396.211433,2026-09-02T09:06:26.260,2026-09-02T10:01:30.697
fs35-outlier-kv17-s64M,01M1GKQTTT7GHR3TEJH75QDVJ4,outlier,kv17,64M,4b,4,122,5537.608,6479.497241,2026-09-02T09:06:19.737,2026-09-02T10:38:37.345
fs35-outlier-kv33-s160M,01M1GKVKQQ2CFJ9GBAAXV423TV,outlier,kv33,160M,4b,4,306,15266.726,16303.597164,2026-09-02T09:07:44.993,2026-09-02T13:22:11.719
fs35-outlier-kv33-s16M,01M1GKMGR0W6HWVEEEFT3HX8VV,outlier,kv33,16M,4b,4,30,2312.094,3460.157157,2026-09-02T09:06:56.844,2026-09-02T09:45:28.938
fs35-outlier-kv33-s320M,01M1GKY4PN8FTBMR2PWWDH9J48,outlier,kv33,320M,4b,4,613,28719.481,29757.783525,2026-09-02T09:07:37.161,2026-09-02T17:06:16.642
fs35-outlier-kv33-s32M,01M1GKPR8SS0H68P31QEGZENTJ,outlier,kv33,32M,4b,4,61,4594.051,5661.283798,2026-09-02T09:08:22.647,2026-09-02T10:24:56.698
fs35-outlier-kv33-s64M,01M1GKS6FB6VB5JE1JAK2N8DXY,outlier,kv33,64M,4b,4,122,7495.259,8521.151038,2026-09-02T09:07:42.158,2026-09-02T11:12:37.417
fs35-outlier-kvb17-s16M,01M1H2YTCKVG69HAVR6STPMYMR,outlier,kvb17,16M,4b,4,30,3031.876,4323.039262,2026-09-02T15:09:54.718,2026-09-02T16:00:26.594
fs35-outlier-kvb33-s160M,01M1H33NWWNAXSWBRECC0P4N8B,outlier,kvb33,160M,4b,4,306,19371.365,20573.525033,2026-09-02T15:08:02.189,2026-09-02T20:30:53.554
fs35-outlier-kvb33-s16M,01M1H2XFW8G4MCH2MYP2RYB8PV,outlier,kvb33,16M,4b,4,30,4069.426,5415.69874,2026-09-02T15:10:18.810,2026-09-02T16:18:08.236
fs35-outlier-kvb33-s320M,01M1H357FJ7GYVCMY7YXSDWPR1,outlier,kvb33,320M,4b,4,613,33374.336,35172.688624,2026-09-02T15:15:06.787,2026-09-03T00:31:21.123
fs35-outlier-kvb33-s32M,01M1H30S8J0CHDBFWBXJ2AC7PX,outlier,kvb33,32M,4b,4,61,6666.593,7959.731353,2026-09-02T15:10:00.360,2026-09-02T17:01:06.953
fs35-outlier-kvb33-s64M,01M1H32BFVR57MJDXY0KZ5CFFB,outlier,kvb33,64M,4b,4,122,10174.305,11503.261506,2026-09-02T15:10:20.926,2026-09-02T17:59:55.231
fs35q3s4bdense2-contradiction-dense-s14M,01M1SFRV0TBN8EXQJQBDNP1QZ5,contradiction,dense,14M,4b,8,26,560.131,675.700425,2026-09-05T19:31:45.616,2026-09-05T19:41:05.747
fs35q3s4bdense2-contradiction-dense-s56M,01M1SFSR9BNYPRJJQH3G69Q27V,contradiction,dense,56M,4b,8,105,2307.053,2578.991293,2026-09-05T20:18:51.832,2026-09-05T20:57:18.885
fs35q3s4bdense2-oolong-dense-s20M,01M1SFQ8H93NX5MCXW6B3RD6QX,oolong,dense,20M,4b,8,38,819.567,935.316588,2026-09-05T19:13:47.286,2026-09-05T19:27:26.853
fs35q3s4bdense2-oolong-dense-s80M,01M1SFQZR0JFKR096C3MD1C01M,oolong,dense,80M,4b,8,155,3410.181,3527.698428,2026-09-05T19:29:58.378,2026-09-05T20:26:48.559
fs35q3s4bflex2-contradiction-flex-c45-s56M,01M1SFTMCE9SPDVC35EVZ6BMRJ,contradiction,flex-c45,56M,4b,8,105,4011.713,4356.972899,2026-09-05T20:20:13.884,2026-09-05T21:27:05.597
fs35q3s4bflex2-contradiction-flex-c60-s56M,01M1SFSR3KE21FAY6M73TJQ7TN,contradiction,flex-c60,56M,4b,8,105,3968.256,4132.623784,2026-09-05T19:44:22.442,2026-09-05T20:50:30.698
fs35q3s4bflex2-oolong-flex-c45-s80M,01M1SFR07VH2247HYJVEX9Q67E,oolong,flex-c45,80M,4b,8,155,4769.289,4936.496478,2026-09-05T19:31:35.439,2026-09-05T20:51:04.728
fs35q3s4bflex2-oolong-flex-c60-s80M,01M1SFQ8GPQK9CFS92R1AH1ZZK,oolong,flex-c60,80M,4b,8,155,5483.62,5651.656778,2026-09-05T19:14:31.940,2026-09-05T20:45:55.560
fs35q3s4bflexs2-contradiction-flexs-c05-s56M,01M1T1ZTWESZJP7C0PFWGDTVDK,contradiction,flexs-c05,56M,4b,8,105,3110.196,3277.436336,2026-09-06T01:39:15.733,2026-09-06T02:31:05.929
fs35q3s4bflexs2-contradiction-flexs-c15-s56M,01M1T1YVBZ6F041RNA6CTMK6GC,contradiction,flexs-c15,56M,4b,8,105,2711.056,2875.748964,2026-09-06T01:38:16.498,2026-09-06T02:23:27.554
fs35q3s4bflexs2-contradiction-flexs-c30-s56M,01M1T1XWF7TNM39FMA6DAWXG9X,contradiction,flexs-c30,56M,4b,8,105,2785.731,2953.76023,2026-09-06T01:32:38.479,2026-09-06T02:19:04.210
fs35q3s4bflexs2-oolong-flexs-c05-s80M,01M1T1WX7ZKAPJW1EBRKFVAK4Q,oolong,flexs-c05,80M,4b,8,155,3247.824,3414.279386,2026-09-06T01:30:26.345,2026-09-06T02:24:34.169
fs35q3s4bflexs2-oolong-flexs-c15-s80M,01M1T1VKQMX9PPQXJFZHDEP6BQ,oolong,flexs-c15,80M,4b,8,155,3278.456,3449.874267,2026-09-06T01:22:46.612,2026-09-06T02:17:25.068
fs35q3s4bflexs2-oolong-flexs-c30-s80M,01M1T1TPV1NFDB5HGHS4Y9QSQY,oolong,flexs-c30,80M,4b,8,155,3903.984,4069.86176,2026-09-06T00:30:54.135,2026-09-06T01:35:58.119
fs35r2-contradiction-ffnmoe-a10-s14M,01M1HANHKFB2394BPNHSG7GGK6,contradiction,ffnmoe-a10,14M,4b,4,27,1009.349,1329.653501,2026-09-02T17:15:12.022,2026-09-02T17:32:01.371
fs35r2-contradiction-ffnmoe-s1-s14M,01M1H9WN9G7DT91PCE4S0NZ4HN,contradiction,ffnmoe-s1,14M,4b,4,27,962.593,1269.480569,2026-09-02T15:39:07.285,2026-09-02T15:55:09.878
fs35r2-contradiction-ffnmoe-s1-s28M,01M1H9YA08FWHD0QWE0S3M8X4B,contradiction,ffnmoe-s1,28M,4b,4,54,1941.504,2281.039347,2026-09-02T16:01:28.998,2026-09-02T16:33:50.502
fs35r2-contradiction-ffnmoe-s1-s56M,01M1H9ZGAA07AD22Y1XJM8VJCG,contradiction,ffnmoe-s1,56M,4b,4,108,3879.137,4195.312706,2026-09-02T16:04:37.920,2026-09-02T17:09:17.057
fs35r2-contradiction-ffnmoe-s2-s14M,01M1HDH1ZBY3DVXPMZXKM6FBX4,contradiction,ffnmoe-s2,14M,4b,4,27,836.33,1243.900204,2026-09-02T17:53:18.005,2026-09-02T18:07:14.335
fs35r2-contradiction-ffnmoe-s2-s28M,01M1HFWTGQ5PCSJC7XAY88SQFQ,contradiction,ffnmoe-s2,28M,4b,4,54,1721.304,2025.063745,2026-09-02T18:01:49.645,2026-09-02T18:30:30.949
fs35r2-contradiction-ffnmoe-s2-s56M,01M1HHSXD2CWN10ZHFC1XQFDK2,contradiction,ffnmoe-s2,56M,4b,4,108,3495.942,3808.531074,2026-09-02T18:07:57.395,2026-09-02T19:06:13.337
fs35r2-contradiction-ffnmoe-t10-s14M,01M1HAM4DP7CMV2HC62X7EVJB5,contradiction,ffnmoe-t10,14M,4b,4,27,1013.602,1338.671445,2026-09-02T17:12:27.949,2026-09-02T17:29:21.551
fs35r2-contradiction-ffnmoe-t10-s28M,01M1HAPWTD6VBWDXW331FB6XXM,contradiction,ffnmoe-t10,28M,4b,4,54,2023.383,2340.736292,2026-09-02T17:15:38.777,2026-09-02T17:49:22.160
fs35r2-contradiction-ffnmoe-t10-s56M,01M1HAR9QN3FNHAAG67XR4A505,contradiction,ffnmoe-t10,56M,4b,4,108,3978.516,4283.038246,2026-09-02T17:17:33.749,2026-09-02T18:23:52.265
fs35r2-nq-ffnmoe-a10-s16M,01M1HAFGDHR7HEZ25RVKHRSQ4K,nq,ffnmoe-a10,16M,4b,4,30,1097.024,1451.47012,2026-09-02T17:00:55.818,2026-09-02T17:19:12.842
fs35r2-nq-ffnmoe-s1-s16M,01M1H9RDT2W96RAV64F3FYYAQA,nq,ffnmoe-s1,16M,4b,4,30,1065.217,1380.320751,2026-09-02T15:15:29.652,2026-09-02T15:33:14.869
fs35r2-nq-ffnmoe-s1-s32M,01M1H9SPQE1EB53014S9WPG3SG,nq,ffnmoe-s1,32M,4b,4,61,2175.91,2702.343342,2026-09-02T15:27:26.444,2026-09-02T16:03:42.354
fs35r2-nq-ffnmoe-s1-s48M,01M1H9VE7YJ9NX7G0K5CPCQG7A,nq,ffnmoe-s1,48M,4b,4,92,3300.115,3631.347503,2026-09-02T15:38:47.760,2026-09-02T16:33:47.875
fs35r2-nq-ffnmoe-s2-s16M,01M1HC6THV72PK5CG0F8T8X0JA,nq,ffnmoe-s2,16M,4b,4,30,941.311,1225.863583,2026-09-02T17:47:42.620,2026-09-02T18:03:23.931
fs35r2-nq-ffnmoe-s2-s32M,01M1HE063XBH3WJ3RX13ADCNR0,nq,ffnmoe-s2,32M,4b,4,61,1960.094,2247.230605,2026-09-02T17:53:36.077,2026-09-02T18:26:16.171
fs35r2-nq-ffnmoe-s2-s48M,01M1HFTM6H7J669WQY3RRDWC6H,nq,ffnmoe-s2,48M,4b,4,92,2988.515,3273.666647,2026-09-02T17:57:51.142,2026-09-02T18:47:39.657
fs35r2-nq-ffnmoe-t10-s16M,01M1HAE3ZTZPZ70DWPP8FMVAZ4,nq,ffnmoe-t10,16M,4b,4,30,1138.875,1453.264639,2026-09-02T16:50:45.337,2026-09-02T17:09:44.212
fs35r2-nq-ffnmoe-t10-s32M,01M1HAH686JF5AV2CCPMKN5J0W,nq,ffnmoe-t10,32M,4b,4,61,2254.012,2806.047978,2026-09-02T17:08:24.163,2026-09-02T17:45:58.175
fs35r2-nq-ffnmoe-t10-s48M,01M1HAJH4E255574D9QKA770H4,nq,ffnmoe-t10,48M,4b,4,92,3430.814,3747.772465,2026-09-02T17:07:25.308,2026-09-02T18:04:36.122
fs35r2-oolong-ffnmoe-a10-s20M,01M1HATTRHMD903ZFFGNF4PJSK,oolong,ffnmoe-a10,20M,4b,4,39,1423.304,1778.071226,2026-09-02T17:25:33.308,2026-09-02T17:49:16.612
fs35r2-oolong-ffnmoe-s1-s20M,01M1HA0P9M8CVN75QT7Q08M4WX,oolong,ffnmoe-s1,20M,4b,4,39,1370.745,1721.43325,2026-09-02T16:06:56.908,2026-09-02T16:29:47.653
fs35r2-oolong-ffnmoe-s1-s40M,01M1HA1NQ06J9R7QV847F8WX4A,oolong,ffnmoe-s1,40M,4b,4,78,2772.08,3250.298082,2026-09-02T16:12:27.277,2026-09-02T16:58:39.357
fs35r2-oolong-ffnmoe-s1-s80M,01M1HA3HHH49S0FD8S00N11HMD,oolong,ffnmoe-s1,80M,4b,4,157,5689.702,6000.197821,2026-09-02T16:17:44.253,2026-09-02T17:52:33.955
fs35r2-oolong-ffnmoe-s2-s20M,01M1HFEYCKTWEWJMDQ9VX52QZ3,oolong,ffnmoe-s2,20M,4b,4,39,1249.151,1532.716584,2026-09-02T17:54:38.313,2026-09-02T18:15:27.464
fs35r2-oolong-ffnmoe-s2-s40M,01M1HHC6GR7GE5J9FVT5YHAPNM,oolong,ffnmoe-s2,40M,4b,4,78,2547.32,2830.766718,2026-09-02T18:05:34.693,2026-09-02T18:48:02.013
fs35r2-oolong-ffnmoe-s2-s80M,01M1HMET6ZJZJNJ893C00WJ3NK,oolong,ffnmoe-s2,80M,4b,4,157,5097.641,5388.835814,2026-09-02T18:08:51.842,2026-09-02T19:33:49.483
fs35r2-oolong-ffnmoe-t10-s20M,01M1HASJCFXEN3VYRZHPKWTMGP,oolong,ffnmoe-t10,20M,4b,4,39,1464.412,1777.872138,2026-09-02T17:23:53.139,2026-09-02T17:48:17.551
fs35r2-oolong-ffnmoe-t10-s40M,01M1HAWABZBBZRR6NBBJV4J41C,oolong,ffnmoe-t10,40M,4b,4,78,2918.978,3242.314295,2026-09-02T17:35:25.151,2026-09-02T18:24:04.129
fs35r2-oolong-ffnmoe-t10-s80M,01M1HAXM8YKD8MNYHB5BB15PHE,oolong,ffnmoe-t10,80M,4b,4,157,5816.448,6128.819917,2026-09-02T17:37:52.583,2026-09-02T19:14:49.031
fs35r2-outlier-ffnmoe-a10-s16M,01M1HA6NPGS75KW6BAF3TTSB9G,outlier,ffnmoe-a10,16M,4b,4,30,1092.648,1452.062772,2026-09-02T16:36:19.552,2026-09-02T16:54:32.200
fs35r2-outlier-ffnmoe-s1-s160M,01M1H9P0AGKXE2J2TF7YKKX1HF,outlier,ffnmoe-s1,160M,4b,4,308,11115.655,11417.486445,2026-09-02T15:01:34.070,2026-09-02T18:06:49.725
fs35r2-outlier-ffnmoe-s1-s16M,01M1H9H70RJ7HNWWF5DYATCY3M,outlier,ffnmoe-s1,16M,4b,4,30,1062.722,1726.122234,2026-09-02T15:00:25.512,2026-09-02T15:18:08.234
fs35r2-outlier-ffnmoe-s1-s320M,01M1H9Q9MC5R80MCDWW0CM85NZ,outlier,ffnmoe-s1,320M,4b,4,615,22204.304,22519.173484,2026-09-02T15:05:39.187,2026-09-02T21:15:43.491
fs35r2-outlier-ffnmoe-s1-s32M,01M1H9JG8S5K4WJEDK7084NS7M,outlier,ffnmoe-s1,32M,4b,4,61,2192.959,2533.011486,2026-09-02T14:56:09.406,2026-09-02T15:32:42.365
fs35r2-outlier-ffnmoe-s1-s64M,01M1H9M95RYTNKQ6J9DY0VEXKV,outlier,ffnmoe-s1,64M,4b,4,123,4507.211,4828.847224,2026-09-02T14:56:54.946,2026-09-02T16:12:02.157
fs35r2-outlier-ffnmoe-s2-s160M,01M1HNABQG7TA4PRZGSJTF7N66,outlier,ffnmoe-s2,160M,4b,4,308,10091.077,10387.198952,2026-09-02T18:20:34.107,2026-09-02T21:08:45.184
fs35r2-outlier-ffnmoe-s2-s16M,01M1HBQBZQXVSBQH9440ZEKSZP,outlier,ffnmoe-s2,16M,4b,4,30,957.897,1277.054009,2026-09-02T17:46:07.872,2026-09-02T18:02:05.769
fs35r2-outlier-ffnmoe-s2-s320M,01M1HZQN0AHF6J9RKKR8XPGYZA,outlier,ffnmoe-s2,320M,4b,4,615,19823.762,20129.067615,2026-09-02T21:22:47.773,2026-09-03T02:53:11.535
fs35r2-outlier-ffnmoe-s2-s32M,01M1HC45D6MN8FTHAA6CKBFMC3,outlier,ffnmoe-s2,32M,4b,4,61,1953.197,2238.208978,2026-09-02T17:45:31.846,2026-09-02T18:18:05.043
fs35r2-outlier-ffnmoe-s2-s64M,01M1HECHR9QC0NXCCS4TEB09VT,outlier,ffnmoe-s2,64M,4b,4,123,3998.122,4308.534118,2026-09-02T17:55:02.018,2026-09-02T19:01:40.140
fs35r2-outlier-ffnmoe-t10-s160M,01M1HAB768Y50HVR650QE8C223,outlier,ffnmoe-t10,160M,4b,4,308,11408.384,11751.765068,2026-09-02T16:46:53.108,2026-09-02T19:57:01.492
fs35r2-outlier-ffnmoe-t10-s16M,01M1HA517YP32XX00W7J7HFF93,outlier,ffnmoe-t10,16M,4b,4,30,1133.447,1454.753203,2026-09-02T16:24:18.090,2026-09-02T16:43:11.537
fs35r2-outlier-ffnmoe-t10-s320M,01M1HACJ55QY62GCZ59M10WXVA,outlier,ffnmoe-t10,320M,4b,4,615,22893.544,23205.893766,2026-09-02T16:48:57.771,2026-09-02T23:10:31.315
fs35r2-outlier-ffnmoe-t10-s32M,01M1HA884SYTTY36NP3XHRKBN7,outlier,ffnmoe-t10,32M,4b,4,61,2295.576,2623.811961,2026-09-02T16:39:53.126,2026-09-02T17:18:08.702
fs35r2-outlier-ffnmoe-t10-s64M,01M1HA9P1G6KCE5QVE9PJ46Z64,outlier,ffnmoe-t10,64M,4b,4,123,4576.867,4908.301561,2026-09-02T16:39:58.222,2026-09-02T17:56:15.089
fs35s08b-contradiction-dense-s14M,01M1JZ1SWA571FHE9HCP83FHRP,contradiction,dense,14M,0.8b,4,27,323.3,525.805007,2026-09-03T07:07:19.386,2026-09-03T07:12:42.686
fs35s08b-contradiction-dense-s56M,01M1JZ4P2VTJFY87X0XPXM5XSB,contradiction,dense,56M,0.8b,4,108,1323.651,1541.760592,2026-09-03T07:10:02.500,2026-09-03T07:32:06.151
fs35s08b-contradiction-ffnmoe-t10-s14M,01M1JZ3R1DS3NC1Q2TCTZE9XFR,contradiction,ffnmoe-t10,14M,0.8b,4,27,324.06,541.777061,2026-09-03T07:08:38.188,2026-09-03T07:14:02.248
fs35s08b-contradiction-ffnmoe-t10-s56M,01M1JZ6XVMB39108BKX192PP3X,contradiction,ffnmoe-t10,56M,0.8b,4,108,1309.686,1532.144242,2026-09-03T07:12:16.887,2026-09-03T07:34:06.573
fs35s08b-contradiction-ffnmoe-t10p-s14M,01M1PV9X8DR2XMK7ZMQS9YJ2E3,contradiction,ffnmoe-t10p,14M,0.8b,4,27,177.091,331.494333,2026-09-04T22:56:09.357,2026-09-04T22:59:06.448
fs35s08b-contradiction-ffnmoe-t10p-s56M,01M1PVAQ9SWQYE9QFV12GNN5V0,contradiction,ffnmoe-t10p,56M,0.8b,4,108,1296.435,1509.332741,2026-09-04T23:06:09.028,2026-09-04T23:27:45.463
fs35s08b-contradiction-kv33-s14M,01M1JZ2W40VG51D98M1DJWQ9NY,contradiction,kv33,14M,0.8b,4,24,1413.857,2195.730022,2026-09-03T07:17:10.853,2026-09-03T07:40:44.710
fs35s08b-contradiction-kv33-s56M,01M1JZ5JK8XSB3SBEKXNQMZRYY,contradiction,kv33,56M,0.8b,4,99,3729.265,4401.46392,2026-09-03T07:18:57.287,2026-09-03T08:21:06.552
fs35s08b-oolong-dense-s20M,01M1JYWB6NP7BRXKYY0QG2WNFT,oolong,dense,20M,0.8b,4,39,472.653,723.484346,2026-09-03T06:39:44.545,2026-09-03T06:47:37.198
fs35s08b-oolong-dense-s80M,01M1JYZ0T792CFEMPWCPPT1TX3,oolong,dense,80M,0.8b,4,157,1936.336,2150.10042,2026-09-03T06:56:39.241,2026-09-03T07:28:55.577
fs35s08b-oolong-ffnmoe-t10-s20M,01M1JYY5SJNNPQN4S0J9DS5YNS,oolong,ffnmoe-t10,20M,0.8b,4,39,466.947,667.780921,2026-09-03T06:54:42.469,2026-09-03T07:02:29.416
fs35s08b-oolong-ffnmoe-t10-s80M,01M1JZ0WQPGAKSZ244K0YM65MD,oolong,ffnmoe-t10,80M,0.8b,4,157,1893.143,2096.057645,2026-09-03T07:06:24.844,2026-09-03T07:37:57.987
fs35s08b-oolong-ffnmoe-t10p-s20M,01M1PV89SVMYQVX0QX94J81BFN,oolong,ffnmoe-t10p,20M,0.8b,4,39,467.76,908.930329,2026-09-04T22:31:39.966,2026-09-04T22:39:27.726
fs35s08b-oolong-ffnmoe-t10p-s80M,01M1PV9324YJSTCM812CAPKFBY,oolong,ffnmoe-t10p,80M,0.8b,4,157,1901.356,2147.8285,2026-09-04T22:44:23.296,2026-09-04T23:16:04.652
fs35s08b-oolong-kv17-s20M,01M1JYX8AX161JW9EXDAS5QZC2,oolong,kv17,20M,0.8b,4,41,2257.198,3144.636244,2026-09-03T07:02:54.185,2026-09-03T07:40:31.383
fs35s08b-oolong-kv17-s80M,01M1JZ017C29PDAQYGHY0M0FWZ,oolong,kv17,80M,0.8b,4,167,5965.074,6783.537184,2026-09-03T07:15:48.669,2026-09-03T08:55:13.743
fs35s27b-contradiction-dense-s14M,01M1PSGAWW1M0BPRT0DK3FG179,contradiction,dense,14M,27b,8,27,645.637,1176.185211,2026-09-04T19:38:40.933,2026-09-04T19:49:26.570
fs35s27b-contradiction-dense-s56M,01M1PSJXRRD4700D06Z03ZEFDP,contradiction,dense,56M,27b,8,108,2574.926,2915.075776,2026-09-04T20:15:37.677,2026-09-04T20:58:32.603
fs35s27b-contradiction-ffnmoe-t10-s14M,01M1PSJ4DJ8YDK0NAHPWRT8KCG,contradiction,ffnmoe-t10,14M,27b,8,27,629.332,1004.444335,2026-09-04T20:17:34.648,2026-09-04T20:28:03.980
fs35s27b-contradiction-ffnmoe-t10-s56M,01M1PSMHXQX4D867QB64T6V5FR,contradiction,ffnmoe-t10,56M,27b,8,108,2297.657,2834.92713,2026-09-04T20:26:35.816,2026-09-04T21:04:53.473
fs35s27b-contradiction-kv33-s14M,01M1PSH3MG39JDN8YSQ8SC6N0S,contradiction,kv33,14M,27b,16,24,2679.159,3934.363384,2026-09-04T20:12:26.157,2026-09-04T20:57:05.316
fs35s27b-contradiction-kv33-s56M,01M1Q6YVZMN36EJCW13FNB5ZDE,contradiction,kv33,56M,27b,16,99,7138.745,8540.282216,2026-09-05T00:43:14.878,2026-09-05T02:42:13.623
fs35s27b-oolong-dense-s20M,01M1N7H8H2CM46BBDJQH9067NE,oolong,dense,20M,27b,8,39,1034.552,1476.172633,2026-09-04T04:02:00.388,2026-09-04T04:19:14.940
fs35s27b-oolong-dense-s80M,01M1N7KPGVMR2VSNGCHGBR6GFX,oolong,dense,80M,27b,8,157,4238.223,4687.279033,2026-09-04T05:51:43.860,2026-09-04T07:02:22.083
fs35s27b-oolong-ffnmoe-t10-s20M,01M1PSDERXMS8B2K9WBHTRB39F,oolong,ffnmoe-t10,20M,27b,8,39,845.251,1187.525557,2026-09-04T18:10:13.090,2026-09-04T18:24:18.341
fs35s27b-oolong-ffnmoe-t10-s80M,01M1PSF6FJA5WHY3A5T042B14V,oolong,ffnmoe-t10,80M,27b,8,157,3357.949,3694.609364,2026-09-04T18:31:54.348,2026-09-04T19:27:52.297
fs35s27b-oolong-kv17-s20M,01M1N7J4BC3KKD4NQQKKQ5D43W,oolong,kv17,20M,27b,8,41,2467.506,3541.636006,2026-09-04T04:37:55.362,2026-09-04T05:19:02.868
fs35s27b-oolong-kv17-s80M,01M1PSED0Z88N8A93SC0JBH138,oolong,kv17,80M,27b,16,167,7029.335,7816.566541,2026-09-04T18:18:02.624,2026-09-04T20:15:11.959
fs35s2b-contradiction-dense-s14M,01M1JYJWAQAW4K4F4V0693QCHM,contradiction,dense,14M,2b,4,27,455.767,712.977799,2026-09-03T06:26:08.816,2026-09-03T06:33:44.583
fs35s2b-contradiction-dense-s56M,01M1JYQSHJWV0N6W64B7ZVQ070,contradiction,dense,56M,2b,4,108,1898.208,2123.375213,2026-09-03T06:31:58.833,2026-09-03T07:03:37.041
fs35s2b-contradiction-ffnmoe-t10-s14M,01M1JYP8BNRFBWWQQBX6KPRSC7,contradiction,ffnmoe-t10,14M,2b,4,27,435.085,673.089446,2026-09-03T06:27:31.369,2026-09-03T06:34:46.454
fs35s2b-contradiction-ffnmoe-t10-s56M,01M1JYSHEHZZ2QNZ3X0HTN8VJQ,contradiction,ffnmoe-t10,56M,2b,4,108,1741.528,2002.918219,2026-09-03T06:38:46.746,2026-09-03T07:07:48.274
fs35s2b-contradiction-ffnmoe-t10p-s14M,01M1PV9W6H6MWR3FFBQKVXG3R8,contradiction,ffnmoe-t10p,14M,2b,4,27,219.699,389.34182,2026-09-04T22:56:48.588,2026-09-04T23:00:28.287
fs35s2b-contradiction-ffnmoe-t10p-s56M,01M1PVAQYWQTF245GJQB3R04NK,contradiction,ffnmoe-t10p,56M,2b,4,108,892.591,1060.252058,2026-09-04T22:58:29.578,2026-09-04T23:13:22.169
fs35s2b-contradiction-kv33-s14M,01M1JYMM8HWDX40HE8RQ6KJM54,contradiction,kv33,14M,2b,4,24,1643.459,2557.44875,2026-09-03T06:36:45.956,2026-09-03T07:04:09.415
fs35s2b-contradiction-kv33-s56M,01M1JYRJXV8E5XDN0QYAKH98C2,contradiction,kv33,56M,2b,4,99,4330.183,5048.258492,2026-09-03T06:41:42.956,2026-09-03T07:53:53.139
fs35s2b-oolong-dense-s20M,01M1JYABXCMJG5MH07R8J528K0,oolong,dense,20M,2b,4,39,675.43,909.23299,2026-09-03T06:16:19.830,2026-09-03T06:27:35.260
fs35s2b-oolong-dense-s80M,01M1JYDJ3XMPT6WWN9W72Z3KSQ,oolong,dense,80M,2b,4,157,2731.495,2972.509671,2026-09-03T06:20:02.074,2026-09-03T07:05:33.569
fs35s2b-oolong-ffnmoe-t10-s20M,01M1JYCGZAGS7846FENT0JGEDB,oolong,ffnmoe-t10,20M,2b,4,39,636.431,868.539012,2026-09-03T06:18:36.506,2026-09-03T06:29:12.937
fs35s2b-oolong-ffnmoe-t10-s80M,01M1JYFX5BE26KJWEP6M74C5AQ,oolong,ffnmoe-t10,80M,2b,4,157,2548.541,2775.253072,2026-09-03T06:20:46.666,2026-09-03T07:03:15.207
fs35s2b-oolong-ffnmoe-t10p-s20M,01M1PV898PVQJJA36KB2AKV8CQ,oolong,ffnmoe-t10p,20M,2b,4,39,323.19,493.347169,2026-09-04T21:37:21.982,2026-09-04T21:42:45.172
fs35s2b-oolong-ffnmoe-t10p-s80M,01M1PV92HHG17SFJY9ABVJGRTQ,oolong,ffnmoe-t10p,80M,2b,4,157,2540.482,2856.909273,2026-09-04T22:32:17.074,2026-09-04T23:14:37.556
fs35s2b-oolong-kv17-s20M,01M1JYBDB4Q68VFC2SXV6QYCFY,oolong,kv17,20M,2b,4,41,2415.68,3244.054923,2026-09-03T06:26:42.763,2026-09-03T07:06:58.443
fs35s2b-oolong-kv17-s80M,01M1JYESQMQ205XAD86G5BSMRC,oolong,kv17,80M,2b,4,167,6188.165,7001.99592,2026-09-03T06:29:20.208,2026-09-03T08:12:28.373
fs35s4b-contradiction-ffnmoe-t10p-s14M,01M1PV9YGCG8RFRMQXP5EA33QM,contradiction,ffnmoe-t10p,14M,4b,4,27,1008.708,1373.428371,2026-09-04T23:06:32.843,2026-09-04T23:23:21.551
fs35s4b-contradiction-ffnmoe-t10p-s56M,01M1PVAR4G92SH62XG89P2KCV8,contradiction,ffnmoe-t10p,56M,4b,4,108,4028.464,4364.144622,2026-09-04T23:20:29.664,2026-09-05T00:27:38.128
fs35s4b-oolong-ffnmoe-t10p-s20M,01M1PV89PXQ924CNKPRZE755GC,oolong,ffnmoe-t10p,20M,4b,4,39,1461.173,1978.544377,2026-09-04T22:29:38.444,2026-09-04T22:53:59.617
fs35s4b-oolong-ffnmoe-t10p-s80M,01M1PV94EXJJZK0V6AB9FVGP5G,oolong,ffnmoe-t10p,80M,4b,4,157,5814.558,6146.839484,2026-09-04T22:52:06.493,2026-09-05T00:29:01.051
fs35s4battn-contradiction-attnroute-c10-s14M,01M1QZV2P1B4JSHND9PY09WVVE,contradiction,attnroute-c10,14M,4b,4,27,859.045,1148.830293,2026-09-05T05:19:51.748,2026-09-05T05:34:10.793
fs35s4battn-contradiction-attnroute-c10-s56M,01M1QZYCP4NB9W2GAERETEQGPP,contradiction,attnroute-c10,56M,4b,4,108,2065.37,2335.842511,2026-09-05T05:21:09.796,2026-09-05T05:55:35.166
fs35s4battn-contradiction-attnroute-c25-s14M,01M1QZSTGT3VM420XA27XZH3AE,contradiction,attnroute-c25,14M,4b,4,27,859.977,1145.814429,2026-09-05T05:18:55.056,2026-09-05T05:33:15.033
fs35s4battn-contradiction-attnroute-c25-s56M,01M1QZX6NR07SW7FJW709KKF37,contradiction,attnroute-c25,56M,4b,4,108,2273.133,2707.434023,2026-09-05T05:23:16.688,2026-09-05T06:01:09.821
fs35s4battn-contradiction-attnroute-c50-s14M,01M1QZRRY98JJ9GAYCPWZT99Q2,contradiction,attnroute-c50,14M,4b,4,27,857.908,1116.761873,2026-09-05T05:19:36.155,2026-09-05T05:33:54.063
fs35s4battn-contradiction-attnroute-c50-s56M,01M1QZW1FWR3FQ02F6K0748CPJ,contradiction,attnroute-c50,56M,4b,4,108,2668.511,2938.707732,2026-09-05T05:19:54.015,2026-09-05T06:04:22.526
fs35s4battn-oolong-attnroute-c10-s20M,01M1R1TSTTN1W1MHMEB8PHSSFP,oolong,attnroute-c10,20M,4b,4,39,1199.016,1472.533544,2026-09-05T06:16:38.369,2026-09-05T06:36:37.385
fs35s4battn-oolong-attnroute-c10-s80M,01M1QZQS0WPCWGYXDWDK8X3M25,oolong,attnroute-c10,80M,4b,4,157,2901.283,3168.522577,2026-09-05T05:17:33.051,2026-09-05T06:05:54.334
fs35s4battn-oolong-attnroute-c25-s20M,01M1R1SSYSBRGSXNNBMTR5RB40,oolong,attnroute-c25,20M,4b,4,39,1193.631,1464.255636,2026-09-05T06:10:53.666,2026-09-05T06:30:47.297
fs35s4battn-oolong-attnroute-c25-s80M,01M1QZPFTX0KA6X4X5HJSGK2XD,oolong,attnroute-c25,80M,4b,4,157,3254.255,3537.62537,2026-09-05T05:17:10.392,2026-09-05T06:11:24.647
fs35s4battn-oolong-attnroute-c50-s20M,01M1R1RR4WWWDF43ZCJ559G4V2,oolong,attnroute-c50,20M,4b,4,39,1196.174,1457.004347,2026-09-05T06:09:25.495,2026-09-05T06:29:21.669
fs35s4battn-oolong-attnroute-c50-s80M,01M1QZNE0G0X5R0WPSMBH8FR18,oolong,attnroute-c50,80M,4b,4,157,3933.103,4211.426262,2026-09-05T05:16:30.613,2026-09-05T06:22:03.716
fs35s4bflex-contradiction-flex-c60-s56M,01M1R9HMN7X6FAT56FK9V5Y24R,contradiction,flex-c60,56M,4b,4,108,2826.99,3090.190442,2026-09-05T08:08:57.523,2026-09-05T08:56:04.513
fs35s4bflex-contradiction-flex-c70-s56M,01M1R9GGHCVHTJ960M27DTV3EZ,contradiction,flex-c70,56M,4b,4,108,3501.959,3793.162617,2026-09-05T08:08:46.544,2026-09-05T09:07:08.503
fs35s4bflex-oolong-flex-c60-s80M,01M1R9F1CGDHRRSRRDQZ6YSGY1,oolong,flex-c60,80M,4b,4,157,4018.187,4287.249285,2026-09-05T08:07:38.595,2026-09-05T09:14:36.782
fs35s4bflex-oolong-flex-c70-s80M,01M1R9E5HWN37HE4ZW272V8QN9,oolong,flex-c70,80M,4b,4,157,5063.49,5353.420699,2026-09-05T08:07:26.459,2026-09-05T09:31:49.949
fs35s9b-contradiction-dense-s14M,01M1JYXQQPWPS5QM77NAYX2DK2,contradiction,dense,14M,9b,8,27,741.869,1092.623219,2026-09-03T09:04:44.873,2026-09-03T09:17:06.742
fs35s9b-contradiction-dense-s56M,01M1JZ0C3D8VVAE2NKKB574NCY,contradiction,dense,56M,9b,8,108,3053.603,3387.250417,2026-09-03T09:23:19.541,2026-09-03T10:14:13.144
fs35s9b-contradiction-ffnmoe-t10-s14M,01M1K6J1GGNJQ2905EWJS27T68,contradiction,ffnmoe-t10,14M,9b,8,27,678.987,1099.412301,2026-09-03T10:32:22.660,2026-09-03T10:43:41.647
fs35s9b-contradiction-ffnmoe-t10-s56M,01M1K6JVZ003F4F70TH236X29A,contradiction,ffnmoe-t10,56M,9b,8,108,2684.474,3064.430016,2026-09-03T10:50:24.014,2026-09-03T11:35:08.488
fs35s9b-contradiction-kv33-s14M,01M1JYYKYPV9VJ4SZ12VFESV1T,contradiction,kv33,14M,9b,8,24,2013.591,3006.375349,2026-09-03T09:27:54.662,2026-09-03T10:01:28.253
fs35s9b-contradiction-kv33-s56M,01M1JZ172MTEQK50KPNM6AV95M,contradiction,kv33,56M,9b,8,99,5493.339,6360.260826,2026-09-03T09:55:39.450,2026-09-03T11:27:12.789
fs35s9b-oolong-dense-s20M,01M1JYRAC5QM3QRTFVR3NS5F8T,oolong,dense,20M,9b,8,39,1084.438,1417.004038,2026-09-03T07:38:02.461,2026-09-03T07:56:06.899
fs35s9b-oolong-dense-s80M,01M1JYTXSX2EMZKK4NREAQKA1K,oolong,dense,80M,9b,8,157,4442.112,4763.637932,2026-09-03T08:26:50.494,2026-09-03T09:40:52.606
fs35s9b-oolong-ffnmoe-t10-s20M,01M1K6GF8WF2K5A3JBC1AHJB7B,oolong,ffnmoe-t10,20M,9b,8,39,981.718,1348.421209,2026-09-03T10:08:18.607,2026-09-03T10:24:40.325
fs35s9b-oolong-ffnmoe-t10-s80M,01M1K6H6VC3GV89JHT8YFZS21H,oolong,ffnmoe-t10,80M,9b,8,157,3880.464,4285.055887,2026-09-03T10:21:10.679,2026-09-03T11:25:51.143
fs35s9b-oolong-kv17-s20M,01M1JYS6WZF4PPDP5NYVCJGMZ0,oolong,kv17,20M,9b,8,41,2625.146,3681.66649,2026-09-03T08:14:27.800,2026-09-03T08:58:12.946
fs35s9b-oolong-kv17-s80M,01M1JYVT9VNQ1Q30A14HPNNEQB,oolong,kv17,80M,9b,8,167,7681.934,8596.189177,2026-09-03T08:46:36.873,2026-09-03T10:54:38.807
prior-dense-contradiction-14M,01M1DW88ZYQXQX3CAXD513MBXN,contradiction,dense,14M,4b,8,27,254.159,511.457496,2026-09-01T16:27:21.055,2026-09-01T16:31:35.214
prior-dense-contradiction-28M,01M1EWCSCBB95NTG4ZCX47GCBK,contradiction,dense,28M,4b,8,54,511.492,747.581672,2026-09-01T17:39:00.910,2026-09-01T17:47:32.402
prior-dense-contradiction-56M,01M1DW8K3BYM1QS3Z5TJVJ8KZG,contradiction,dense,56M,4b,8,108,1030.584,1355.41298,2026-09-01T16:30:37.787,2026-09-01T16:47:48.371
prior-dense-oolong-160M,01M1JCAH551KASPVYPNBXB6H62,oolong,dense,160M,4b,8,314,3066.485,3537.398926,2026-09-03T17:17:47.009,2026-09-03T18:08:53.494
prior-dense-oolong-20M,01M1E3478ZAF39TST8SGD7E6XH,oolong,dense,20M,4b,4,39,730.705,981.441499,2026-09-01T16:52:14.042,2026-09-01T17:04:24.747
prior-dense-oolong-320M,01M1MJPEHE22S13K55HE0WYDKV,oolong,dense,320M,4b,8,627,6032.964,6271.622534,2026-09-03T23:32:04.779,2026-09-04T01:12:37.743
prior-dense-oolong-40M,01M1ERZ0Q8T9X6WH5SSJFJ99KX,oolong,dense,40M,4b,8,78,1565.551,4469.955019,2026-09-01T15:49:24.528,2026-09-01T16:15:30.079
prior-dense-oolong-80M,01M1ETKS7NRKNMV6CVQH0T3ZA1,oolong,dense,80M,4b,8,157,3175.854,3539.764599,2026-09-01T15:58:18.779,2026-09-01T16:51:14.633
prior-dense-outlier-160M,01M15DH3CR8YADYA4VN3ZN0X74,outlier,dense,160M,4b,8,308,2989.638,3296.337774,2026-08-29T00:40:27.775,2026-08-29T01:30:17.413
prior-dense-outlier-16M,01M14NW8N9FZZWY246J7AVVSA9,outlier,dense,16M,4b,8,30,325.328,809.72992,2026-08-28T17:37:20.384,2026-08-28T17:42:45.712
prior-dense-outlier-320M,01M1B1HAD74XQ3XV1QJFTY2W7T,outlier,dense,320M,4b,8,615,5957.703,6214.477646,2026-08-31T05:28:03.672,2026-08-31T07:07:21.375
prior-dense-outlier-32M,01M14P3TFQQQQJVCWF4EXM9Q77,outlier,dense,32M,4b,8,61,637.242,1150.741309,2026-08-28T18:07:19.412,2026-08-28T18:17:56.654
prior-dense-outlier-640M,01M1B1HE6N6DPVR76QXCAHVM7M,outlier,dense,640M,4b,8,1231,11914.665,12160.153299,2026-08-31T05:32:42.363,2026-08-31T08:51:17.028
prior-dense-outlier-64M,01M14PAYRQWD6TG3KXP934A6J2,outlier,dense,64M,4b,8,123,1237.006,1730.986812,2026-08-28T18:07:49.601,2026-08-28T18:28:26.607
prior-dense-outlier-96M,01M15DH3TZ0T7MCE111VCHERBH,outlier,dense,96M,4b,8,184,1834.179,2331.191566,2026-08-29T01:06:12.925,2026-08-29T01:36:47.104
