harness,checkpoint,variant,unit,experiment_id
RULER,q4b-fastcomplm,flat,4k,01KXEGS0HAGXJPCPEAYK5YKG7H
RULER,q4b-fastcomplm,flat,8k,01KXEGSK3E3515ZQZMKSKDZYW5
RULER,q4b-fastcomplm,flat,16k,01KXEGSZTHXSNX872TA0KSF5AK
RULER,q4b-fastcomplm,flat,32k,01KXEGTEDFP2QK9BYGZJ4QY806
RULER,q4b-fastcomplm,flat,64k,01KXEGTYJD7RZMN3QMCJ9KXARE
RULER,q4b-fastcomplm,flat,128k,01KXEGVBVZ4X4HDPKS8HBGS42W
RULER,q4b-fastcomplm,gated,4k,01KXEGVTHF1DT56N8FXX4B25GB
RULER,q4b-fastcomplm,gated,8k,01KXEGW9XG8NPNAHAPWCH7G5BM
RULER,q4b-fastcomplm,gated,16k,01KXEGWRFASVYRBJG4B9KZJ1RB
RULER,q4b-fastcomplm,gated,32k,01KXEGX7H8X360TV7WN6PDX9VH
RULER,q4b-fastcomplm,gated,64k,01KXEGXN32BC9E61CH7NJ1WZGT
RULER,q4b-fastcomplm,gated,128k,01KXEGY3G9DM0KG77VDNM88JJH
RULER,q4b-fastlm,flat,4k,01KXEGYJAFQ32E6C2082Q77STP
RULER,q4b-fastlm,flat,8k,01KXEGZ1203SPKDMB3QWVTBP9Z
RULER,q4b-fastlm,flat,16k,01KXEGZFJCZNQM68AQA44WPK6S
RULER,q4b-fastlm,flat,32k,01KXEGZYCMJZZ6S6FBJHWHM5DG
RULER,q4b-fastlm,flat,64k,01KXEH0CX3573SSTDDSRZ74X2R
RULER,q4b-fastlm,flat,128k,01KXEH0W13WVD3YD1Z62X9FRQT
RULER,q4b-fastlm,gated,4k,01KXEH1A5CY798V8GGT4SP376M
RULER,q4b-fastlm,gated,8k,01KXEH1RVZYENTDW89P0FNQP6K
RULER,q4b-fastlm,gated,16k,01KXEH27VPPP62SWQS9H8220KC
RULER,q4b-fastlm,gated,32k,01KXEH2QKZN00BBW9672MC8W20
RULER,q4b-fastlm,gated,64k,01KXEH35KSNXKNKG64QQ76M0P7
RULER,q4b-fastlm,gated,128k,01KXEH3M13ZR154J9BDW3SXD5Q
RULER,q4b-comp5task,flat,4k,01KXEH42C7N8863T74ZGJ1X4EK
RULER,q4b-comp5task,flat,8k,01KXEH4HXTVH7E8WDKBZ5RVEMG
RULER,q4b-comp5task,flat,16k,01KXEH50ZK9KWX9RF8KWS8DADS
RULER,q4b-comp5task,flat,32k,01KXEHAGSWHSAEYNZBXCJ79JT1
RULER,q4b-comp5task,flat,64k,01KXEHAXM7FTWZ28RJEXZWSFKE
RULER,q4b-comp5task,flat,128k,01KXEHBDM4F96C4HTBKWXVKA09
RULER,q4b-comp5task,gated,4k,01KXEHBTS45DTWY4AQ6GJTFNM1
RULER,q4b-comp5task,gated,8k,01KXEHC97C8YH32606FBRN213D
RULER,q4b-comp5task,gated,16k,01KXEHCQDFDVA2M2QVB8X0GFZZ
RULER,q4b-comp5task,gated,32k,01KXEHD69BKJMVMHZBF13E68ZY
RULER,q4b-comp5task,gated,64k,01KXEHDMWB3B2FNZ6PYESV27DC
RULER,q4b-comp5task,gated,128k,01KXEHE3HC8WJ6XECVWWZY6ERQ
HELMET,q4b-fastcomplm,flat,8k-128k,01KXEHHPKQNY18NPH8QPV94T58
HELMET,q4b-fastcomplm,gated,8k-128k,01KXEHHV28JTTVK0JEJKX1VN9R
HELMET,q4b-fastlm,flat,8k-128k,01KXEHJ08AWC8SKRZYFBTEG6WY
HELMET,q4b-fastlm,gated,8k-128k,01KXEHJ4PFHZ9XGKM4STTR1N1E
HELMET,q4b-comp5task,flat,8k-128k,01KXEHJ952QJM8WNW3A5T8X9MR
HELMET,q4b-comp5task,gated,8k-128k,01KXEHJDH6R4V2RJKPD2BPJ7NS
SFT,q4b-fastcomplm,flat,contra,01KXEHHZMVT5C0Z244B9PZBP09
SFT,q4b-fastcomplm,flat,nq,01KXEHJ6VQJX6FWGKAN4CB4BR5
SFT,q4b-fastcomplm,flat,rerank,01KXEHJF21PG3FAA4QFVCRZC4C
SFT,q4b-fastcomplm,flat,outlier,01KXEHJPAG497Y98BA8B6BTYN2
SFT,q4b-fastcomplm,flat,oolong,01KXEHJXVA64H03KFK0341SQNM
SFT,q4b-fastcomplm,flat,fiqa,01KXEHK5ECF80W4B4477ZPFSCW
SFT,q4b-fastcomplm,flat,scifact,01KXEHKCT60W6CSYQAE389C8N2
SFT,q4b-fastcomplm,flat,outlier_review,01KXEHKM6DFSV85WQNKW4KNWWE
SFT,q4b-fastcomplm,flat,contra_fever,01KXEHKVJDNRHK97M7GGX0YZRS
SFT,q4b-fastcomplm,gated,contra,01KXEHM90KKGCA0JPWQTFVJ8J1
SFT,q4b-fastcomplm,gated,nq,01KXEHMGAASJ3DD5F0CBY7A45M
SFT,q4b-fastcomplm,gated,rerank,01KXEHX74RP7J8W5M1JJ82V6CQ
SFT,q4b-fastcomplm,gated,outlier,01KXEHXEQD074ABHAPQ6Z8JNY4
SFT,q4b-fastcomplm,gated,oolong,01KXEHXPHFQMD28WA1JX8J0HDC
SFT,q4b-fastcomplm,gated,fiqa,01KXEHY2G6XH5ZZ9ZR6T1BN5NZ
SFT,q4b-fastcomplm,gated,scifact,01KXEHYA7RXVWNTWJ68NED2CNZ
SFT,q4b-fastcomplm,gated,outlier_review,01KXEHYHX2X1M2AD6637C491ZE
SFT,q4b-fastcomplm,gated,contra_fever,01KXEHYSAD3CDSAYMC9HPPMZDX
SFT,q4b-fastlm,flat,contra,01KXEHZ6MJDSWR1K1PZNMETVGZ
SFT,q4b-fastlm,flat,nq,01KXEHZE6VF0F2BNQH8PHQE9RD
SFT,q4b-fastlm,flat,rerank,01KXEHZNPCMF6H6FW81D8KT043
SFT,q4b-fastlm,flat,outlier,01KXEJ85BYQWDSG8E1BDVNNSMQ
SFT,q4b-fastlm,flat,oolong,01KXEJ8D5MGR9SSNHDH1AFP058
SFT,q4b-fastlm,flat,fiqa,01KXEJ8P68A6RSATNMHBRZ7186
SFT,q4b-fastlm,flat,scifact,01KXEJ900E5KY0VHQMP35AQCWD
SFT,q4b-fastlm,flat,outlier_review,01KXEJ97JBQPQRW273SG88VF7F
SFT,q4b-fastlm,flat,contra_fever,01KXEJ9F74WHACAKSWD2YNHPBB
SFT,q4b-fastlm,gated,contra,01KXEJ9ZDYS0Z4CHB43YFFPG4T
SFT,q4b-fastlm,gated,nq,01KXEJA71RMH5G6X925JJW90SD
SFT,q4b-fastlm,gated,rerank,01KXEJAERQZYWVV0W7RGRR844K
SFT,q4b-fastlm,gated,outlier,01KXEJAPBEFDGTHYSGYMHSK9ZP
SFT,q4b-fastlm,gated,oolong,01KXEJAY89KAZD9JSB9M91BNFJ
SFT,q4b-fastlm,gated,fiqa,01KXEJB61P80EK625EW1BK07XD
SFT,q4b-fastlm,gated,scifact,01KXEJBDQ5BBFDVDA7EP8ERPV2
SFT,q4b-fastlm,gated,outlier_review,01KXEJBN4VDQ1SAZFWRV70V950
SFT,q4b-fastlm,gated,contra_fever,01KXEJBX98RBRVQBKRAQ1QDWEW
SFT,q4b-comp5task,flat,contra,01KXEJCD4EEJXD520TY877E7ES
SFT,q4b-comp5task,flat,nq,01KXEJCNECDF6E9NW3P4S5HM59
SFT,q4b-comp5task,flat,rerank,01KXEJCXHTV9DNZ2ERPC1H51Q4
SFT,q4b-comp5task,flat,outlier,01KXEJD5J209PS29D5PT8J7GGB
SFT,q4b-comp5task,flat,oolong,01KXEJDD7JRK6NMV9JKJ7KHWZ0
SFT,q4b-comp5task,flat,fiqa,01KXEJDN4T7VA05QDRVRKGEW5B
SFT,q4b-comp5task,flat,scifact,01KXEJDWN7PJTM3K9XYV8C53VZ
SFT,q4b-comp5task,flat,outlier_review,01KXEJE4EDS1W7BWNRRGHETTZB
SFT,q4b-comp5task,flat,contra_fever,01KXEJECPZMP7F8QF7EE0S7Y32
SFT,q4b-comp5task,gated,contra,01KXEJEWXKZXDQXTDNAWGCSEW7
SFT,q4b-comp5task,gated,nq,01KXEJF53TQ3834Y9SK9K7G8X9
SFT,q4b-comp5task,gated,rerank,01KXEJFDFRCHJ6VT9HWGTRMWBN
SFT,q4b-comp5task,gated,outlier,01KXEJFMXQ93MQKV1TPH9QDPNM
SFT,q4b-comp5task,gated,oolong,01KXEJFWFR44W8W2EH86P0T8SD
SFT,q4b-comp5task,gated,fiqa,01KXEJG3WRN7BN2C1BQMZV1104
SFT,q4b-comp5task,gated,scifact,01KXEJGC4FD1B1VRHMWRPH7N2R
SFT,q4b-comp5task,gated,outlier_review,01KXEJGKQCGSQ9CB9NYDC96ZX5
SFT,q4b-comp5task,gated,contra_fever,01KXEJGVJFWBSDVVWJ3H7RKTMS
